utctimestamp,total_size_free,total_size_used,total_size_total,total_files,count
2022-05-05 04:44:50.746648+00:00,6631024640,14472843264,21103867904,4195100,109
2022-05-05 04:45:05.749578+00:00,6631008256,14472859648,21103867904,4195100,109
2022-05-05 04:45:20.749364+00:00,6631008256,14472859648,21103867904,4195100,109
2022-05-05 04:45:35.746280+00:00,6631008256,14472859648,21103867904,4195100,109
2022-05-05 04:45:50.754171+00:00,6631000064,14472867840,21103867904,4195100,109
2022-05-05 04:46:05.750532+00:00,6631000064,14472867840,21103867904,4195100,109
2022-05-05 04:46:50.743867+00:00,6630991872,14472876032,21103867904,4195100,109
2022-05-05 04:47:05.760145+00:00,6630983680,14472884224,21103867904,4195100,109
2022-05-05 04:47:20.759006+00:00,6630983680,14472884224,21103867904,4195100,109
2022-05-05 04:47:35.745668+00:00,6630975488,14472892416,21103867904,4195100,109
2022-05-05 04:47:50.746431+00:00,6630967296,14472900608,21103867904,4195100,109
2022-05-05 04:48:05.742747+00:00,6630959104,14472908800,21103867904,4195100,109
2022-05-05 04:50:20.740796+00:00,6630909952,14472957952,21103867904,4195100,109
2022-05-05 04:50:35.739501+00:00,6630901760,14472966144,21103867904,4195100,109
2022-05-05 04:50:50.738519+00:00,6630901760,14472966144,21103867904,4195100,109
2022-05-05 04:51:05.737920+00:00,6630893568,14472974336,21103867904,4195100,109
2022-05-05 04:51:20.755049+00:00,6630893568,14472974336,21103867904,4195100,109
2022-05-05 04:51:35.749334+00:00,6630885376,14472982528,21103867904,4195100,109
2022-05-05 04:51:50.752278+00:00,6630885376,14472982528,21103867904,4195100,109
2022-05-05 04:52:05.737867+00:00,6630885376,14472982528,21103867904,4195100,109
2022-05-05 04:52:20.740221+00:00,6630877184,14472990720,21103867904,4195100,109
2022-05-05 04:52:35.751022+00:00,6630868992,14472998912,21103867904,4195100,109
2022-05-05 04:52:50.744442+00:00,6630860800,14473007104,21103867904,4195100,109
2022-05-05 04:53:05.736434+00:00,6630860800,14473007104,21103867904,4195100,109
2022-05-05 04:53:20.734667+00:00,6630860800,14473007104,21103867904,4195100,109
2022-05-05 04:53:35.732874+00:00,6630860800,14473007104,21103867904,4195100,109
2022-05-05 04:53:50.733761+00:00,6630860800,14473007104,21103867904,4195100,109
2022-05-05 04:54:05.735735+00:00,6630836224,14473031680,21103867904,4195100,109
2022-05-05 04:54:20.733812+00:00,6630836224,14473031680,21103867904,4195100,109
2022-05-05 04:54:35.735769+00:00,6630836224,14473031680,21103867904,4195100,109
2022-05-05 04:54:50.736482+00:00,6630803456,14473064448,21103867904,4195100,109
2022-05-05 04:55:05.733545+00:00,6630803456,14473064448,21103867904,4195100,109
2022-05-05 04:55:20.752539+00:00,6630803456,14473064448,21103867904,4195100,109
2022-05-05 04:55:35.733631+00:00,6630787072,14473080832,21103867904,4195100,109
2022-05-05 04:55:50.733053+00:00,6630787072,14473080832,21103867904,4195100,109
2022-05-05 04:56:05.729512+00:00,6630787072,14473080832,21103867904,4195100,109
2022-05-05 04:56:20.730645+00:00,6630787072,14473080832,21103867904,4195100,109
2022-05-05 04:56:35.734918+00:00,6630778880,14473089024,21103867904,4195100,109
2022-05-05 04:56:50.742419+00:00,6630778880,14473089024,21103867904,4195100,109
2022-05-05 04:57:05.729564+00:00,6630770688,14473097216,21103867904,4195100,109
2022-05-05 04:57:20.730867+00:00,6630762496,14473105408,21103867904,4195100,109
2022-05-05 04:57:35.733538+00:00,6630762496,14473105408,21103867904,4195100,109
2022-05-05 04:57:50.729649+00:00,6630762496,14473105408,21103867904,4195100,109
2022-05-05 04:58:05.747361+00:00,6630754304,14473113600,21103867904,4195100,109
2022-05-05 04:58:20.726883+00:00,6630754304,14473113600,21103867904,4195100,109
2022-05-05 04:58:35.737382+00:00,6630737920,14473129984,21103867904,4195100,109
2022-05-05 05:02:20.744097+00:00,6630664192,14473203712,21103867904,4195100,109
2022-05-05 05:02:35.720915+00:00,6630664192,14473203712,21103867904,4195100,109
2022-05-05 05:02:50.722886+00:00,6630664192,14473203712,21103867904,4195100,109
2022-05-05 05:03:05.718390+00:00,6630639616,14473228288,21103867904,4195100,109
2022-05-05 05:03:20.719116+00:00,6630639616,14473228288,21103867904,4195100,109
2022-05-05 05:03:35.728019+00:00,6630639616,14473228288,21103867904,4195100,109
2022-05-05 05:03:50.739436+00:00,6630631424,14473236480,21103867904,4195100,109
2022-05-05 05:04:05.719118+00:00,6630631424,14473236480,21103867904,4195100,109
2022-05-05 05:04:20.718735+00:00,6630631424,14473236480,21103867904,4195100,109
2022-05-05 05:04:35.717530+00:00,6630623232,14473244672,21103867904,4195100,109
2022-05-05 05:04:50.718965+00:00,6630590464,14473277440,21103867904,4195100,109
2022-05-05 05:05:05.718672+00:00,6630590464,14473277440,21103867904,4195100,109
2022-05-05 05:05:20.717960+00:00,6630590464,14473277440,21103867904,4195100,109
2022-05-05 05:05:35.718377+00:00,6630574080,14473293824,21103867904,4195100,109
2022-05-05 05:05:50.720625+00:00,6630574080,14473293824,21103867904,4195100,109
2022-05-05 05:06:05.720604+00:00,6630565888,14473302016,21103867904,4195100,109
2022-05-05 05:06:20.732140+00:00,6630565888,14473302016,21103867904,4195100,109
2022-05-05 05:06:35.720927+00:00,6630565888,14473302016,21103867904,4195100,109
2022-05-05 05:06:50.714866+00:00,6630565888,14473302016,21103867904,4195100,109
2022-05-05 05:07:05.715126+00:00,6630557696,14473310208,21103867904,4195100,109
2022-05-05 05:07:20.713917+00:00,6630557696,14473310208,21103867904,4195100,109
2022-05-05 05:07:35.714097+00:00,6630541312,14473326592,21103867904,4195100,109
2022-05-05 05:07:50.720598+00:00,6630541312,14473326592,21103867904,4195100,109
2022-05-05 05:08:05.713407+00:00,6630541312,14473326592,21103867904,4195100,109
2022-05-05 05:08:20.711657+00:00,6630533120,14473334784,21103867904,4195100,109
2022-05-05 05:08:35.714040+00:00,6630524928,14473342976,21103867904,4195100,109
2022-05-05 05:08:50.718166+00:00,6630524928,14473342976,21103867904,4195100,109
2022-05-05 05:09:05.735177+00:00,6630516736,14473351168,21103867904,4195100,109
2022-05-05 05:09:20.711566+00:00,6630516736,14473351168,21103867904,4195100,109
2022-05-05 05:09:35.720919+00:00,6630524928,14473342976,21103867904,4195100,109
2022-05-05 05:09:50.712285+00:00,6630492160,14473375744,21103867904,4195100,109
2022-05-05 05:10:05.711853+00:00,6630483968,14473383936,21103867904,4195100,109
2022-05-05 05:10:20.716179+00:00,6630475776,14473392128,21103867904,4195100,109
2022-05-05 05:10:35.730719+00:00,6630467584,14473400320,21103867904,4195100,109
2022-05-05 05:10:50.709273+00:00,6630467584,14473400320,21103867904,4195100,109
2022-05-05 05:11:05.708414+00:00,6630467584,14473400320,21103867904,4195100,109
2022-05-05 05:11:20.711263+00:00,6630467584,14473400320,21103867904,4195100,109
2022-05-05 05:11:35.710875+00:00,6630467584,14473400320,21103867904,4195100,109
2022-05-05 05:11:50.722488+00:00,6630467584,14473400320,21103867904,4195100,109
2022-05-05 05:12:05.707882+00:00,6630451200,14473416704,21103867904,4195100,109
2022-05-05 05:12:20.706739+00:00,6630451200,14473416704,21103867904,4195100,109
2022-05-05 05:12:35.706416+00:00,6630443008,14473424896,21103867904,4195100,109
2022-05-05 05:12:50.706325+00:00,6630443008,14473424896,21103867904,4195100,109
2022-05-05 05:13:05.708020+00:00,6630434816,14473433088,21103867904,4195100,109
2022-05-05 05:13:20.715259+00:00,6630434816,14473433088,21103867904,4195100,109
2022-05-05 05:13:35.704282+00:00,6630418432,14473449472,21103867904,4195100,109
2022-05-05 05:13:50.711238+00:00,6630418432,14473449472,21103867904,4195100,109
2022-05-05 05:14:05.705304+00:00,6630418432,14473449472,21103867904,4195100,109
2022-05-05 05:14:20.705384+00:00,6630418432,14473449472,21103867904,4195100,109
2022-05-05 05:14:35.708103+00:00,6630418432,14473449472,21103867904,4195100,109
2022-05-05 05:14:50.700893+00:00,6630385664,14473482240,21103867904,4195100,109
2022-05-05 05:15:05.701565+00:00,6630369280,14473498624,21103867904,4195100,109
2022-05-05 05:15:20.701365+00:00,6630369280,14473498624,21103867904,4195100,109
2022-05-05 05:15:35.701239+00:00,6630369280,14473498624,21103867904,4195100,109
2022-05-05 05:20:20.697207+00:00,6630262784,14473605120,21103867904,4195100,109
2022-05-05 05:20:35.694549+00:00,6630262784,14473605120,21103867904,4195100,109
2022-05-05 05:20:50.692493+00:00,6630262784,14473605120,21103867904,4195100,109
2022-05-05 05:21:05.694618+00:00,6630254592,14473613312,21103867904,4195100,109
2022-05-05 05:21:20.698062+00:00,6630254592,14473613312,21103867904,4195100,109
2022-05-05 05:21:35.698460+00:00,6630246400,14473621504,21103867904,4195100,109
2022-05-05 05:21:50.693948+00:00,6630238208,14473629696,21103867904,4195100,109
2022-05-05 05:22:05.704672+00:00,6630238208,14473629696,21103867904,4195100,109
2022-05-05 05:22:20.705705+00:00,6630238208,14473629696,21103867904,4195100,109
2022-05-05 05:22:35.691127+00:00,6630230016,14473637888,21103867904,4195100,109
2022-05-05 05:22:50.717490+00:00,6630221824,14473646080,21103867904,4195100,109
2022-05-05 05:23:05.691244+00:00,6630221824,14473646080,21103867904,4195100,109
2022-05-05 05:23:20.692234+00:00,6630213632,14473654272,21103867904,4195100,109
2022-05-05 05:23:35.698872+00:00,6630213632,14473654272,21103867904,4195100,109
2022-05-05 05:23:50.693687+00:00,6630213632,14473654272,21103867904,4195100,109
2022-05-05 05:24:05.691494+00:00,6630197248,14473670656,21103867904,4195100,109
2022-05-05 05:24:20.698282+00:00,6630197248,14473670656,21103867904,4195100,109
2022-05-05 05:24:35.688289+00:00,6630205440,14473662464,21103867904,4195100,109
2022-05-05 05:24:50.688557+00:00,6630172672,14473695232,21103867904,4195100,109
2022-05-05 05:25:05.687215+00:00,6630156288,14473711616,21103867904,4195100,109
2022-05-05 05:25:20.687388+00:00,6630156288,14473711616,21103867904,4195100,109
2022-05-05 05:25:35.692490+00:00,6630156288,14473711616,21103867904,4195100,109
2022-05-05 05:25:50.686433+00:00,6630156288,14473711616,21103867904,4195100,109
2022-05-05 05:26:05.688533+00:00,6630148096,14473719808,21103867904,4195100,109
2022-05-05 05:26:20.685111+00:00,6630148096,14473719808,21103867904,4195100,109
2022-05-05 05:26:35.691261+00:00,6630131712,14473736192,21103867904,4195100,109
2022-05-05 05:26:50.705029+00:00,6630131712,14473736192,21103867904,4195100,109
2022-05-05 05:27:05.698625+00:00,6630131712,14473736192,21103867904,4195100,109
2022-05-05 05:27:20.687062+00:00,6630131712,14473736192,21103867904,4195100,109
2022-05-05 05:27:35.683983+00:00,6630131712,14473736192,21103867904,4195100,109
2022-05-05 05:27:50.681612+00:00,6630131712,14473736192,21103867904,4195100,109
2022-05-05 05:28:05.682400+00:00,6630115328,14473752576,21103867904,4195100,109
2022-05-05 05:28:20.704617+00:00,6630107136,14473760768,21103867904,4195100,109
2022-05-05 05:28:35.682741+00:00,6630098944,14473768960,21103867904,4195100,109
2022-05-05 05:28:50.684818+00:00,6630098944,14473768960,21103867904,4195100,109
2022-05-05 05:29:05.683259+00:00,6630098944,14473768960,21103867904,4195100,109
2022-05-05 05:29:20.680463+00:00,6630098944,14473768960,21103867904,4195100,109
2022-05-05 05:29:35.696400+00:00,6630090752,14473777152,21103867904,4195100,109
2022-05-05 05:29:50.692762+00:00,6630057984,14473809920,21103867904,4195100,109
2022-05-05 05:30:05.679867+00:00,6630049792,14473818112,21103867904,4195100,109
2022-05-05 05:30:20.677619+00:00,6630049792,14473818112,21103867904,4195100,109
2022-05-05 05:30:35.676849+00:00,6630041600,14473826304,21103867904,4195100,109
2022-05-05 05:30:50.679456+00:00,6630041600,14473826304,21103867904,4195100,109
2022-05-05 05:31:05.683648+00:00,6630033408,14473834496,21103867904,4195100,109
2022-05-05 05:31:20.677545+00:00,6630033408,14473834496,21103867904,4195100,109
2022-05-05 05:31:35.682820+00:00,6630025216,14473842688,21103867904,4195100,109
2022-05-05 05:31:50.677613+00:00,6630025216,14473842688,21103867904,4195100,109
2022-05-05 05:32:05.677025+00:00,6630025216,14473842688,21103867904,4195100,109
2022-05-05 05:32:20.691713+00:00,6630025216,14473842688,21103867904,4195100,109
2022-05-05 05:32:35.680997+00:00,6630017024,14473850880,21103867904,4195100,109
2022-05-05 05:32:50.676772+00:00,6630017024,14473850880,21103867904,4195100,109
2022-05-05 05:33:05.682307+00:00,6629992448,14473875456,21103867904,4195100,109
2022-05-05 05:33:20.690882+00:00,6629992448,14473875456,21103867904,4195100,109
2022-05-05 05:33:35.674038+00:00,6629992448,14473875456,21103867904,4195100,109
2022-05-05 05:33:50.677594+00:00,6629992448,14473875456,21103867904,4195100,109
2022-05-05 05:34:05.674236+00:00,6629984256,14473883648,21103867904,4195100,109
2022-05-05 05:34:20.676773+00:00,6629984256,14473883648,21103867904,4195100,109
2022-05-05 05:34:35.678158+00:00,6629992448,14473875456,21103867904,4195100,109
2022-05-05 05:34:50.670400+00:00,6629951488,14473916416,21103867904,4195100,109
2022-05-05 05:35:05.693989+00:00,6629943296,14473924608,21103867904,4195100,109
2022-05-05 05:35:20.676180+00:00,6629943296,14473924608,21103867904,4195100,109
2022-05-05 05:35:35.672505+00:00,6629935104,14473932800,21103867904,4195100,109
2022-05-05 05:35:50.670339+00:00,6629935104,14473932800,21103867904,4195100,109
2022-05-05 05:36:05.671033+00:00,6629935104,14473932800,21103867904,4195100,109
2022-05-05 05:36:20.672246+00:00,6629935104,14473932800,21103867904,4195100,109
2022-05-05 05:36:35.681677+00:00,6629926912,14473940992,21103867904,4195100,109
2022-05-05 05:36:50.669956+00:00,6629926912,14473940992,21103867904,4195100,109
2022-05-05 05:37:05.668307+00:00,6629918720,14473949184,21103867904,4195100,109
2022-05-05 05:37:20.669204+00:00,6629918720,14473949184,21103867904,4195100,109
2022-05-05 05:37:35.673782+00:00,6629910528,14473957376,21103867904,4195100,109
2022-05-05 05:37:50.680418+00:00,6629902336,14473965568,21103867904,4195100,109
2022-05-05 05:38:05.667425+00:00,6629894144,14473973760,21103867904,4195100,109
2022-05-05 05:38:20.668119+00:00,6629894144,14473973760,21103867904,4195100,109
2022-05-05 05:38:35.666699+00:00,6629885952,14473981952,21103867904,4195100,109
2022-05-05 05:38:50.671520+00:00,6629885952,14473981952,21103867904,4195100,109
2022-05-05 05:39:05.668623+00:00,6629885952,14473981952,21103867904,4195100,109
2022-05-05 05:39:20.667662+00:00,6629885952,14473981952,21103867904,4195100,109
2022-05-05 05:39:35.664684+00:00,6629877760,14473990144,21103867904,4195100,109
2022-05-05 05:39:50.676409+00:00,6629844992,14474022912,21103867904,4195100,109
2022-05-05 05:40:05.664100+00:00,6629828608,14474039296,21103867904,4195100,109
2022-05-05 05:40:20.665554+00:00,6629828608,14474039296,21103867904,4195100,109
2022-05-05 05:40:35.671679+00:00,6629828608,14474039296,21103867904,4195100,109
2022-05-05 05:40:50.670652+00:00,6629828608,14474039296,21103867904,4195100,109
2022-05-05 05:41:05.672446+00:00,6629828608,14474039296,21103867904,4195100,109
2022-05-05 05:41:20.663088+00:00,6629820416,14474047488,21103867904,4195100,109
2022-05-05 05:41:35.659342+00:00,6629812224,14474055680,21103867904,4195100,109
2022-05-05 05:41:50.665743+00:00,6629812224,14474055680,21103867904,4195100,109
2022-05-05 05:42:05.663683+00:00,6629804032,14474063872,21103867904,4195100,109
2022-05-05 05:42:20.663485+00:00,6629804032,14474063872,21103867904,4195100,109
2022-05-05 05:42:35.660278+00:00,6629804032,14474063872,21103867904,4195100,109
2022-05-05 05:47:20.654412+00:00,6629689344,14474178560,21103867904,4195100,109
2022-05-05 05:47:35.673913+00:00,6629681152,14474186752,21103867904,4195100,109
2022-05-05 05:47:50.655200+00:00,6629664768,14474203136,21103867904,4195100,109
2022-05-05 05:48:05.652914+00:00,6629664768,14474203136,21103867904,4195100,109
2022-05-05 05:48:20.653233+00:00,6629681152,14474186752,21103867904,4195100,109
2022-05-05 05:48:35.651813+00:00,6629681152,14474186752,21103867904,4195100,109
2022-05-05 05:48:50.668270+00:00,6629681152,14474186752,21103867904,4195100,109
2022-05-05 05:49:05.660136+00:00,6629664768,14474203136,21103867904,4195100,109
2022-05-05 05:49:20.650184+00:00,6629664768,14474203136,21103867904,4195100,109
2022-05-05 05:49:35.648992+00:00,6629656576,14474211328,21103867904,4195100,109
2022-05-05 05:49:50.647646+00:00,6629623808,14474244096,21103867904,4195100,109
2022-05-05 05:50:05.648948+00:00,6629623808,14474244096,21103867904,4195100,109
2022-05-05 05:50:20.657861+00:00,6629623808,14474244096,21103867904,4195100,109
2022-05-05 05:50:35.647654+00:00,6629615616,14474252288,21103867904,4195100,109
2022-05-05 05:50:50.656113+00:00,6629615616,14474252288,21103867904,4195100,109
2022-05-05 05:51:05.647307+00:00,6629607424,14474260480,21103867904,4195100,109
2022-05-05 05:51:20.658259+00:00,6629607424,14474260480,21103867904,4195100,109
2022-05-05 05:51:35.682106+00:00,6629599232,14474268672,21103867904,4195100,109
2022-05-05 05:51:50.656624+00:00,6629599232,14474268672,21103867904,4195100,109
2022-05-05 05:52:05.645334+00:00,6629591040,14474276864,21103867904,4195100,109
2022-05-05 05:52:20.644930+00:00,6629591040,14474276864,21103867904,4195100,109
2022-05-05 05:52:35.645275+00:00,6629591040,14474276864,21103867904,4195100,109
2022-05-05 05:52:50.656774+00:00,6629582848,14474285056,21103867904,4195100,109
2022-05-05 05:53:05.664331+00:00,6629574656,14474293248,21103867904,4195100,109
2022-05-05 05:53:20.648666+00:00,6629574656,14474293248,21103867904,4195100,109
2022-05-05 05:53:35.643237+00:00,6629558272,14474309632,21103867904,4195100,109
2022-05-05 05:53:50.643442+00:00,6629558272,14474309632,21103867904,4195100,109
2022-05-05 05:54:05.645921+00:00,6629558272,14474309632,21103867904,4195100,109
2022-05-05 05:54:20.666537+00:00,6629558272,14474309632,21103867904,4195100,109
2022-05-05 05:54:35.665028+00:00,6629558272,14474309632,21103867904,4195100,109
2022-05-05 05:54:50.645479+00:00,6629525504,14474342400,21103867904,4195100,109
2022-05-05 05:55:05.641083+00:00,6629517312,14474350592,21103867904,4195100,109
2022-05-05 05:55:20.639332+00:00,6629517312,14474350592,21103867904,4195100,109
2022-05-05 05:55:35.640096+00:00,6629517312,14474350592,21103867904,4195100,109
2022-05-05 05:55:50.651436+00:00,6629517312,14474350592,21103867904,4195100,109
2022-05-05 05:56:05.640346+00:00,6629500928,14474366976,21103867904,4195100,109
2022-05-05 05:56:20.640756+00:00,6629500928,14474366976,21103867904,4195100,109
2022-05-05 05:56:35.654032+00:00,6629492736,14474375168,21103867904,4195100,109
2022-05-05 05:56:50.639596+00:00,6629492736,14474375168,21103867904,4195100,109
2022-05-05 05:57:05.650585+00:00,6629492736,14474375168,21103867904,4195100,109
2022-05-05 05:57:20.653130+00:00,6629492736,14474375168,21103867904,4195100,109
2022-05-05 05:57:35.637277+00:00,6629484544,14474383360,21103867904,4195100,109
2022-05-05 05:57:50.640367+00:00,6629484544,14474383360,21103867904,4195100,109
2022-05-05 05:58:05.637241+00:00,6629459968,14474407936,21103867904,4195100,109
2022-05-05 05:58:20.638838+00:00,6629459968,14474407936,21103867904,4195100,109
2022-05-05 05:58:35.637224+00:00,6629459968,14474407936,21103867904,4195100,109
2022-05-05 05:58:50.643550+00:00,6629459968,14474407936,21103867904,4195100,109
2022-05-05 05:59:05.638353+00:00,6629459968,14474407936,21103867904,4195100,109
2022-05-05 05:59:20.635631+00:00,6629451776,14474416128,21103867904,4195100,109
2022-05-05 05:59:35.635223+00:00,6629451776,14474416128,21103867904,4195100,109
2022-05-05 05:59:50.645968+00:00,6629419008,14474448896,21103867904,4195100,109
2022-05-05 06:00:05.640932+00:00,6629419008,14474448896,21103867904,4195100,109
2022-05-05 06:00:20.633795+00:00,6629419008,14474448896,21103867904,4195100,109
2022-05-05 06:00:35.633935+00:00,6629410816,14474457088,21103867904,4195100,109
2022-05-05 06:00:50.636222+00:00,6629410816,14474457088,21103867904,4195100,109
2022-05-05 06:01:05.634768+00:00,6629394432,14474473472,21103867904,4195100,109
2022-05-05 06:01:20.648247+00:00,6629394432,14474473472,21103867904,4195100,109
2022-05-05 06:01:35.631799+00:00,6629394432,14474473472,21103867904,4195100,109
2022-05-05 06:01:50.631691+00:00,6629394432,14474473472,21103867904,4195100,109
2022-05-05 06:02:05.630228+00:00,6629394432,14474473472,21103867904,4195100,109
2022-05-05 06:02:20.631208+00:00,6629394432,14474473472,21103867904,4195100,109
2022-05-05 06:02:35.629972+00:00,6629378048,14474489856,21103867904,4195100,109
2022-05-05 06:02:50.636298+00:00,6629378048,14474489856,21103867904,4195100,109
2022-05-05 06:03:05.630222+00:00,6629369856,14474498048,21103867904,4195100,109
2022-05-05 06:03:20.637443+00:00,6629361664,14474506240,21103867904,4195100,109
2022-05-05 06:03:35.629115+00:00,6629361664,14474506240,21103867904,4195100,109
2022-05-05 06:03:50.631492+00:00,6629361664,14474506240,21103867904,4195100,109
2022-05-05 06:04:05.645678+00:00,6629345280,14474522624,21103867904,4195100,109
2022-05-05 06:04:20.630650+00:00,6629345280,14474522624,21103867904,4195100,109
2022-05-05 06:04:35.627422+00:00,6629345280,14474522624,21103867904,4195100,109
2022-05-05 06:04:50.634714+00:00,6629312512,14474555392,21103867904,4195100,109
2022-05-05 06:05:05.626356+00:00,6629304320,14474563584,21103867904,4195100,109
2022-05-05 06:05:20.642694+00:00,6629304320,14474563584,21103867904,4195100,109
2022-05-05 06:05:35.633608+00:00,6629296128,14474571776,21103867904,4195100,109
2022-05-05 06:05:50.626769+00:00,6629287936,14474579968,21103867904,4195100,109
2022-05-05 06:06:05.624787+00:00,6629287936,14474579968,21103867904,4195100,109
2022-05-05 06:06:20.627681+00:00,6629287936,14474579968,21103867904,4195100,109
2022-05-05 06:06:35.624002+00:00,6629287936,14474579968,21103867904,4195100,109
2022-05-05 06:06:50.639768+00:00,6629287936,14474579968,21103867904,4195100,109
2022-05-05 06:07:05.620404+00:00,6629279744,14474588160,21103867904,4195100,109
2022-05-05 06:07:20.622694+00:00,6629279744,14474588160,21103867904,4195100,109
2022-05-05 06:07:35.619888+00:00,6629263360,14474604544,21103867904,4195100,109
2022-05-05 06:07:50.629412+00:00,6629263360,14474604544,21103867904,4195100,109
2022-05-05 06:08:05.657089+00:00,6629255168,14474612736,21103867904,4195100,109
2022-05-05 06:08:20.637245+00:00,6629255168,14474612736,21103867904,4195100,109
2022-05-05 06:08:35.621408+00:00,6629246976,14474620928,21103867904,4195100,109
2022-05-05 06:08:50.619150+00:00,6629238784,14474629120,21103867904,4195100,109
2022-05-05 06:09:05.619110+00:00,6629230592,14474637312,21103867904,4195100,109
2022-05-05 06:09:20.623683+00:00,6629230592,14474637312,21103867904,4195100,109
2022-05-05 06:09:35.630425+00:00,6629230592,14474637312,21103867904,4195100,109
2022-05-05 06:09:50.629290+00:00,6629197824,14474670080,21103867904,4195100,109
2022-05-05 06:14:05.612468+00:00,6629132288,14474735616,21103867904,4195100,109
2022-05-05 06:14:20.618247+00:00,6629132288,14474735616,21103867904,4195100,109
2022-05-05 06:14:35.613096+00:00,6629115904,14474752000,21103867904,4195100,109
2022-05-05 06:14:50.611792+00:00,6629083136,14474784768,21103867904,4195100,109
2022-05-05 06:15:05.616795+00:00,6629083136,14474784768,21103867904,4195100,109
2022-05-05 06:15:20.612449+00:00,6629083136,14474784768,21103867904,4195100,109
2022-05-05 06:15:35.611621+00:00,6629074944,14474792960,21103867904,4195100,109
2022-05-05 06:15:50.609595+00:00,6629074944,14474792960,21103867904,4195100,109
2022-05-05 06:16:05.610083+00:00,6629066752,14474801152,21103867904,4195100,109
2022-05-05 06:16:20.618152+00:00,6629066752,14474801152,21103867904,4195100,109
2022-05-05 06:16:35.608784+00:00,6629058560,14474809344,21103867904,4195100,109
2022-05-05 06:16:50.607735+00:00,6629058560,14474809344,21103867904,4195100,109
2022-05-05 06:17:05.611533+00:00,6629058560,14474809344,21103867904,4195100,109
2022-05-05 06:17:20.607512+00:00,6629050368,14474817536,21103867904,4195100,109
2022-05-05 06:17:35.613750+00:00,6629042176,14474825728,21103867904,4195100,109
2022-05-05 06:17:50.627013+00:00,6629033984,14474833920,21103867904,4195100,109
2022-05-05 06:18:05.616086+00:00,6629033984,14474833920,21103867904,4195100,109
2022-05-05 06:18:20.606563+00:00,6629033984,14474833920,21103867904,4195100,109
2022-05-05 06:18:35.605405+00:00,6629033984,14474833920,21103867904,4195100,109
2022-05-05 06:18:50.604537+00:00,6629033984,14474833920,21103867904,4195100,109
2022-05-05 06:19:05.609574+00:00,6629009408,14474858496,21103867904,4195100,109
2022-05-05 06:19:20.605688+00:00,6629009408,14474858496,21103867904,4195100,109
2022-05-05 06:19:35.606363+00:00,6629017600,14474850304,21103867904,4195100,109
2022-05-05 06:19:50.608265+00:00,6628984832,14474883072,21103867904,4195100,109
2022-05-05 06:20:05.601679+00:00,6628984832,14474883072,21103867904,4195100,109
2022-05-05 06:20:20.607523+00:00,6628984832,14474883072,21103867904,4195100,109
2022-05-05 06:20:35.607093+00:00,6628968448,14474899456,21103867904,4195100,109
2022-05-05 06:20:50.603506+00:00,6628968448,14474899456,21103867904,4195100,109
2022-05-05 06:21:05.601540+00:00,6628960256,14474907648,21103867904,4195100,109
2022-05-05 06:21:20.603121+00:00,6628960256,14474907648,21103867904,4195100,109
2022-05-05 06:21:35.601559+00:00,6628960256,14474907648,21103867904,4195100,109
2022-05-05 06:21:50.613540+00:00,6628960256,14474907648,21103867904,4195100,109
2022-05-05 06:22:05.600943+00:00,6628943872,14474924032,21103867904,4195100,109
2022-05-05 06:22:20.602662+00:00,6628943872,14474924032,21103867904,4195100,109
2022-05-05 06:22:35.600221+00:00,6628943872,14474924032,21103867904,4195100,109
2022-05-05 06:22:50.600342+00:00,6628935680,14474932224,21103867904,4195100,109
2022-05-05 06:23:05.607469+00:00,6628935680,14474932224,21103867904,4195100,109
2022-05-05 06:23:20.602050+00:00,6628935680,14474932224,21103867904,4195100,109
2022-05-05 06:23:35.598978+00:00,6628919296,14474948608,21103867904,4195100,109
2022-05-05 06:23:50.596670+00:00,6628911104,14474956800,21103867904,4195100,109
2022-05-05 06:24:05.603076+00:00,6628911104,14474956800,21103867904,4195100,109
2022-05-05 06:24:20.596212+00:00,6628911104,14474956800,21103867904,4195100,109
2022-05-05 06:24:35.598913+00:00,6628911104,14474956800,21103867904,4195100,109
2022-05-05 06:24:50.597934+00:00,6628878336,14474989568,21103867904,4195100,109
2022-05-05 06:25:05.594925+00:00,6628870144,14474997760,21103867904,4195100,109
2022-05-05 06:25:20.596340+00:00,6628870144,14474997760,21103867904,4195100,109
2022-05-05 06:25:35.595610+00:00,6628861952,14475005952,21103867904,4195100,109
2022-05-05 06:25:50.604497+00:00,6628861952,14475005952,21103867904,4195100,109
2022-05-05 06:26:05.595125+00:00,6628853760,14475014144,21103867904,4195100,109
2022-05-05 06:26:20.595637+00:00,6628853760,14475014144,21103867904,4195100,109
2022-05-05 06:26:35.593638+00:00,6628845568,14475022336,21103867904,4195100,109
2022-05-05 06:26:50.604367+00:00,6628845568,14475022336,21103867904,4195100,109
2022-05-05 06:27:05.593667+00:00,6628837376,14475030528,21103867904,4195100,109
2022-05-05 06:27:20.601043+00:00,6628837376,14475030528,21103867904,4195100,109
2022-05-05 06:27:35.591256+00:00,6628837376,14475030528,21103867904,4195100,109
2022-05-05 06:27:50.592789+00:00,6628829184,14475038720,21103867904,4195100,109
2022-05-05 06:28:05.590251+00:00,6628812800,14475055104,21103867904,4195100,109
2022-05-05 06:28:20.591965+00:00,6628812800,14475055104,21103867904,4195100,109
2022-05-05 06:28:35.599788+00:00,6628804608,14475063296,21103867904,4195100,109
2022-05-05 06:28:50.603554+00:00,6628804608,14475063296,21103867904,4195100,109
2022-05-05 06:29:05.590564+00:00,6628804608,14475063296,21103867904,4195100,109
2022-05-05 06:29:20.598748+00:00,6628804608,14475063296,21103867904,4195100,109
2022-05-05 06:29:35.588341+00:00,6628804608,14475063296,21103867904,4195100,109
2022-05-05 06:29:50.587967+00:00,6628771840,14475096064,21103867904,4195100,109
2022-05-05 06:30:05.592738+00:00,6628771840,14475096064,21103867904,4195100,109
2022-05-05 06:30:20.588445+00:00,6628763648,14475104256,21103867904,4195100,109
2022-05-05 06:30:35.586730+00:00,6628755456,14475112448,21103867904,4195100,109
2022-05-05 06:30:50.585174+00:00,6628755456,14475112448,21103867904,4195100,109
2022-05-05 06:31:05.591141+00:00,6628747264,14475120640,21103867904,4195100,109
2022-05-05 06:31:20.593783+00:00,6628747264,14475120640,21103867904,4195100,109
2022-05-05 06:31:35.612192+00:00,6628747264,14475120640,21103867904,4195100,109
2022-05-05 06:31:50.587135+00:00,6628747264,14475120640,21103867904,4195100,109
2022-05-05 06:32:05.584313+00:00,6628739072,14475128832,21103867904,4195100,109
2022-05-05 06:32:20.587917+00:00,6628739072,14475128832,21103867904,4195100,109
2022-05-05 06:32:35.593161+00:00,6628722688,14475145216,21103867904,4195100,109
2022-05-05 06:32:50.590308+00:00,6628714496,14475153408,21103867904,4195100,109
2022-05-05 06:33:05.588394+00:00,6628714496,14475153408,21103867904,4195100,109
2022-05-05 06:33:20.581189+00:00,6628714496,14475153408,21103867904,4195100,109
2022-05-05 06:33:35.584980+00:00,6628706304,14475161600,21103867904,4195100,109
2022-05-05 06:33:50.582168+00:00,6628706304,14475161600,21103867904,4195100,109
2022-05-05 06:34:05.589073+00:00,6628698112,14475169792,21103867904,4195100,109
2022-05-05 06:34:20.585703+00:00,6628698112,14475169792,21103867904,4195100,109
2022-05-05 06:34:35.580710+00:00,6628698112,14475169792,21103867904,4195100,109
2022-05-05 06:34:50.580203+00:00,6628665344,14475202560,21103867904,4195100,109
2022-05-05 06:35:05.582642+00:00,6628657152,14475210752,21103867904,4195100,109
2022-05-05 06:35:20.582524+00:00,6628648960,14475218944,21103867904,4195100,109
2022-05-05 06:35:35.590115+00:00,6628640768,14475227136,21103867904,4195100,109
2022-05-05 06:35:50.581229+00:00,6628640768,14475227136,21103867904,4195100,109
2022-05-05 06:39:05.577731+00:00,6628591616,14475276288,21103867904,4195100,109
2022-05-05 06:39:20.576757+00:00,6628591616,14475276288,21103867904,4195100,109
2022-05-05 06:39:35.596878+00:00,6628591616,14475276288,21103867904,4195100,109
2022-05-05 06:39:50.582270+00:00,6628558848,14475309056,21103867904,4195100,109
2022-05-05 06:40:05.576285+00:00,6628542464,14475325440,21103867904,4195100,109
2022-05-05 06:40:20.572440+00:00,6628542464,14475325440,21103867904,4195100,109
2022-05-05 06:40:35.574108+00:00,6628542464,14475325440,21103867904,4195100,109
2022-05-05 06:40:50.569146+00:00,6628542464,14475325440,21103867904,4195100,109
2022-05-05 06:41:05.602615+00:00,6628542464,14475325440,21103867904,4195100,109
2022-05-05 06:41:20.576797+00:00,6628542464,14475325440,21103867904,4195100,109
2022-05-05 06:41:35.573365+00:00,6628534272,14475333632,21103867904,4195100,109
2022-05-05 06:41:50.571697+00:00,6628526080,14475341824,21103867904,4195100,109
2022-05-05 06:42:05.570662+00:00,6628517888,14475350016,21103867904,4195100,109
2022-05-05 06:42:20.588479+00:00,6628517888,14475350016,21103867904,4195100,109
2022-05-05 06:42:35.591878+00:00,6628517888,14475350016,21103867904,4195100,109
2022-05-05 06:42:50.571943+00:00,6628517888,14475350016,21103867904,4195100,109
2022-05-05 06:43:05.583516+00:00,6628501504,14475366400,21103867904,4195100,109
2022-05-05 06:43:20.573682+00:00,6628501504,14475366400,21103867904,4195100,109
2022-05-05 06:43:35.566973+00:00,6628493312,14475374592,21103867904,4195100,109
2022-05-05 06:43:50.589341+00:00,6628493312,14475374592,21103867904,4195100,109
2022-05-05 06:44:05.565903+00:00,6628485120,14475382784,21103867904,4195100,109
2022-05-05 06:44:20.565188+00:00,6628485120,14475382784,21103867904,4195100,109
2022-05-05 06:44:35.564777+00:00,6628485120,14475382784,21103867904,4195100,109
2022-05-05 06:44:50.565785+00:00,6628452352,14475415552,21103867904,4195100,109
2022-05-05 06:45:05.581289+00:00,6628444160,14475423744,21103867904,4195100,109
2022-05-05 06:45:20.582116+00:00,6628444160,14475423744,21103867904,4195100,109
2022-05-05 06:45:35.563917+00:00,6628435968,14475431936,21103867904,4195100,109
2022-05-05 06:45:50.563817+00:00,6628435968,14475431936,21103867904,4195100,109
2022-05-05 06:46:05.564547+00:00,6628435968,14475431936,21103867904,4195100,109
2022-05-05 06:46:20.564158+00:00,6628435968,14475431936,21103867904,4195100,109
2022-05-05 06:46:35.568283+00:00,6628419584,14475448320,21103867904,4195100,109
2022-05-05 06:46:50.571458+00:00,6628419584,14475448320,21103867904,4195100,109
2022-05-05 06:47:05.567797+00:00,6628411392,14475456512,21103867904,4195100,109
2022-05-05 06:47:20.560205+00:00,6628411392,14475456512,21103867904,4195100,109
2022-05-05 06:47:35.566088+00:00,6628411392,14475456512,21103867904,4195100,109
2022-05-05 06:47:50.580127+00:00,6628403200,14475464704,21103867904,4195100,109
2022-05-05 06:48:05.571563+00:00,6628403200,14475464704,21103867904,4195100,109
2022-05-05 06:48:20.562025+00:00,6628395008,14475472896,21103867904,4195100,109
2022-05-05 06:48:35.564369+00:00,6628378624,14475489280,21103867904,4195100,109
2022-05-05 06:48:50.557041+00:00,6628378624,14475489280,21103867904,4195100,109
2022-05-05 06:49:05.557346+00:00,6628378624,14475489280,21103867904,4195100,109
2022-05-05 06:49:20.582221+00:00,6628378624,14475489280,21103867904,4195100,109
2022-05-05 06:49:35.560726+00:00,6628378624,14475489280,21103867904,4195100,109
2022-05-05 06:49:50.558016+00:00,6628345856,14475522048,21103867904,4195100,109
2022-05-05 06:50:05.557071+00:00,6628329472,14475538432,21103867904,4195100,109
2022-05-05 06:50:20.558954+00:00,6628329472,14475538432,21103867904,4195100,109
2022-05-05 06:50:35.567071+00:00,6628329472,14475538432,21103867904,4195100,109
2022-05-05 06:50:50.557650+00:00,6628329472,14475538432,21103867904,4195100,109
2022-05-05 06:51:05.555452+00:00,6628321280,14475546624,21103867904,4195100,109
2022-05-05 06:51:20.560765+00:00,6628321280,14475546624,21103867904,4195100,109
2022-05-05 06:51:35.561902+00:00,6628304896,14475563008,21103867904,4195100,109
2022-05-05 06:51:50.557295+00:00,6628304896,14475563008,21103867904,4195100,109
2022-05-05 06:52:05.556704+00:00,6628304896,14475563008,21103867904,4195100,109
2022-05-05 06:52:20.563748+00:00,6628304896,14475563008,21103867904,4195100,109
2022-05-05 06:52:35.553612+00:00,6628304896,14475563008,21103867904,4195100,109
2022-05-05 06:52:50.553079+00:00,6628304896,14475563008,21103867904,4195100,109
2022-05-05 06:53:05.553210+00:00,6628272128,14475595776,21103867904,4195100,109
2022-05-05 06:53:20.576572+00:00,6628272128,14475595776,21103867904,4195100,109
2022-05-05 06:53:35.551103+00:00,6628272128,14475595776,21103867904,4195100,109
2022-05-05 06:53:50.556080+00:00,6628272128,14475595776,21103867904,4195100,109
2022-05-05 06:54:05.555614+00:00,6628272128,14475595776,21103867904,4195100,109
2022-05-05 06:54:20.552670+00:00,6628272128,14475595776,21103867904,4195100,109
2022-05-05 06:54:35.549800+00:00,6628272128,14475595776,21103867904,4195100,109
2022-05-05 06:54:50.553529+00:00,6628231168,14475636736,21103867904,4195100,109
2022-05-05 06:55:05.549763+00:00,6628231168,14475636736,21103867904,4195100,109
2022-05-05 06:55:20.548531+00:00,6628231168,14475636736,21103867904,4195100,109
2022-05-05 06:55:35.547684+00:00,6628222976,14475644928,21103867904,4195100,109
2022-05-05 06:55:50.547330+00:00,6628222976,14475644928,21103867904,4195100,109
2022-05-05 06:56:05.557505+00:00,6628214784,14475653120,21103867904,4195100,109
2022-05-05 06:56:20.550941+00:00,6628214784,14475653120,21103867904,4195100,109
2022-05-05 06:56:35.547512+00:00,6628206592,14475661312,21103867904,4195100,109
2022-05-05 06:56:50.547263+00:00,6628206592,14475661312,21103867904,4195100,109
2022-05-05 06:57:05.546229+00:00,6628206592,14475661312,21103867904,4195100,109
2022-05-05 06:57:20.547583+00:00,6628206592,14475661312,21103867904,4195100,109
2022-05-05 06:57:35.549909+00:00,6628198400,14475669504,21103867904,4195100,109
2022-05-05 06:57:50.543767+00:00,6628190208,14475677696,21103867904,4195100,109
2022-05-05 06:58:05.553384+00:00,6628173824,14475694080,21103867904,4195100,109
2022-05-05 06:58:20.552820+00:00,6628173824,14475694080,21103867904,4195100,109
2022-05-05 06:58:35.545051+00:00,6628173824,14475694080,21103867904,4195100,109
2022-05-05 06:58:50.545103+00:00,6628173824,14475694080,21103867904,4195100,109
2022-05-05 06:59:05.549275+00:00,6628165632,14475702272,21103867904,4195100,109
2022-05-05 06:59:20.545570+00:00,6628165632,14475702272,21103867904,4195100,109
2022-05-05 06:59:35.543457+00:00,6628165632,14475702272,21103867904,4195100,109
2022-05-05 06:59:50.540799+00:00,6628124672,14475743232,21103867904,4195100,109
2022-05-05 07:00:05.546386+00:00,6628116480,14475751424,21103867904,4195100,109
2022-05-05 07:00:20.552926+00:00,6628116480,14475751424,21103867904,4195100,109
2022-05-05 07:00:35.549534+00:00,6628108288,14475759616,21103867904,4195100,109
2022-05-05 07:00:50.546653+00:00,6628108288,14475759616,21103867904,4195100,109
2022-05-05 07:01:05.545657+00:00,6628108288,14475759616,21103867904,4195100,109
2022-05-05 07:01:20.542463+00:00,6628100096,14475767808,21103867904,4195100,109
2022-05-05 07:06:05.532785+00:00,6628009984,14475857920,21103867904,4195100,109
2022-05-05 07:06:20.533298+00:00,6628001792,14475866112,21103867904,4195100,109
2022-05-05 07:06:35.540069+00:00,6627993600,14475874304,21103867904,4195100,109
2022-05-05 07:06:50.531855+00:00,6627993600,14475874304,21103867904,4195100,109
2022-05-05 07:07:05.535465+00:00,6627985408,14475882496,21103867904,4195100,109
2022-05-05 07:07:20.530023+00:00,6627985408,14475882496,21103867904,4195100,109
2022-05-05 07:07:35.531782+00:00,6627985408,14475882496,21103867904,4195100,109
2022-05-05 07:07:50.529802+00:00,6627977216,14475890688,21103867904,4195100,109
2022-05-05 07:08:05.530438+00:00,6627960832,14475907072,21103867904,4195100,109
2022-05-05 07:08:20.538432+00:00,6627960832,14475907072,21103867904,4195100,109
2022-05-05 07:08:35.530320+00:00,6627960832,14475907072,21103867904,4195100,109
2022-05-05 07:08:50.530647+00:00,6627960832,14475907072,21103867904,4195100,109
2022-05-05 07:09:05.532354+00:00,6627960832,14475907072,21103867904,4195100,109
2022-05-05 07:09:20.527991+00:00,6627960832,14475907072,21103867904,4195100,109
2022-05-05 07:09:35.528280+00:00,6627936256,14475931648,21103867904,4195100,109
2022-05-05 07:09:50.534653+00:00,6627903488,14475964416,21103867904,4195100,109
2022-05-05 07:10:05.533320+00:00,6627903488,14475964416,21103867904,4195100,109
2022-05-05 07:10:20.526987+00:00,6627903488,14475964416,21103867904,4195100,109
2022-05-05 07:10:35.526295+00:00,6627903488,14475964416,21103867904,4195100,109
2022-05-05 07:10:50.526631+00:00,6627903488,14475964416,21103867904,4195100,109
2022-05-05 07:11:05.544018+00:00,6627887104,14475980800,21103867904,4195100,109
2022-05-05 07:11:20.529325+00:00,6627887104,14475980800,21103867904,4195100,109
2022-05-05 07:11:35.524230+00:00,6627878912,14475988992,21103867904,4195100,109
2022-05-05 07:11:50.526375+00:00,6627878912,14475988992,21103867904,4195100,109
2022-05-05 07:12:05.524136+00:00,6627878912,14475988992,21103867904,4195100,109
2022-05-05 07:12:20.524054+00:00,6627878912,14475988992,21103867904,4195100,109
2022-05-05 07:12:35.527080+00:00,6627870720,14475997184,21103867904,4195100,109
2022-05-05 07:12:50.523037+00:00,6627862528,14476005376,21103867904,4195100,109
2022-05-05 07:13:05.522659+00:00,6627854336,14476013568,21103867904,4195100,109
2022-05-05 07:13:20.521796+00:00,6627854336,14476013568,21103867904,4195100,109
2022-05-05 07:13:35.521734+00:00,6627854336,14476013568,21103867904,4195100,109
2022-05-05 07:13:50.543016+00:00,6627854336,14476013568,21103867904,4195100,109
2022-05-05 07:14:05.526232+00:00,6627837952,14476029952,21103867904,4195100,109
2022-05-05 07:14:20.522101+00:00,6627837952,14476029952,21103867904,4195100,109
2022-05-05 07:14:35.519130+00:00,6627837952,14476029952,21103867904,4195100,109
2022-05-05 07:14:50.519550+00:00,6627805184,14476062720,21103867904,4195100,109
2022-05-05 07:15:05.519392+00:00,6627805184,14476062720,21103867904,4195100,109
2022-05-05 07:15:20.523782+00:00,6627805184,14476062720,21103867904,4195100,109
2022-05-05 07:15:35.518240+00:00,6627796992,14476070912,21103867904,4195100,109
2022-05-05 07:15:50.522105+00:00,6627796992,14476070912,21103867904,4195100,109
2022-05-05 07:16:05.517142+00:00,6627780608,14476087296,21103867904,4195100,109
2022-05-05 07:16:20.519972+00:00,6627780608,14476087296,21103867904,4195100,109
2022-05-05 07:16:35.532949+00:00,6627780608,14476087296,21103867904,4195100,109
2022-05-05 07:16:50.520627+00:00,6627780608,14476087296,21103867904,4195100,109
2022-05-05 07:17:05.516178+00:00,6627772416,14476095488,21103867904,4195100,109
2022-05-05 07:17:20.514301+00:00,6627772416,14476095488,21103867904,4195100,109
2022-05-05 07:17:35.526422+00:00,6627764224,14476103680,21103867904,4195100,109
2022-05-05 07:17:50.516400+00:00,6627764224,14476103680,21103867904,4195100,109
2022-05-05 07:18:05.517442+00:00,6627756032,14476111872,21103867904,4195100,109
2022-05-05 07:18:20.514432+00:00,6627756032,14476111872,21103867904,4195100,109
2022-05-05 07:18:35.514587+00:00,6627739648,14476128256,21103867904,4195100,109
2022-05-05 07:18:50.516152+00:00,6627739648,14476128256,21103867904,4195100,109
2022-05-05 07:19:05.511887+00:00,6627739648,14476128256,21103867904,4195100,109
2022-05-05 07:19:20.523684+00:00,6627731456,14476136448,21103867904,4195100,109
2022-05-05 07:19:35.521075+00:00,6627731456,14476136448,21103867904,4195100,109
2022-05-05 07:19:50.515086+00:00,6627698688,14476169216,21103867904,4195100,109
2022-05-05 07:20:05.508676+00:00,6627690496,14476177408,21103867904,4195100,109
2022-05-05 07:20:20.513597+00:00,6627690496,14476177408,21103867904,4195100,109
2022-05-05 07:20:35.510662+00:00,6627682304,14476185600,21103867904,4195100,109
2022-05-05 07:20:50.528322+00:00,6627682304,14476185600,21103867904,4195100,109
2022-05-05 07:21:05.507921+00:00,6627674112,14476193792,21103867904,4195100,109
2022-05-05 07:21:20.510881+00:00,6627674112,14476193792,21103867904,4195100,109
2022-05-05 07:21:35.508533+00:00,6627665920,14476201984,21103867904,4195100,109
2022-05-05 07:21:50.517790+00:00,6627665920,14476201984,21103867904,4195100,109
2022-05-05 07:22:05.511068+00:00,6627665920,14476201984,21103867904,4195100,109
2022-05-05 07:22:20.534695+00:00,6627665920,14476201984,21103867904,4195100,109
2022-05-05 07:22:35.507944+00:00,6627657728,14476210176,21103867904,4195100,109
2022-05-05 07:22:50.508140+00:00,6627657728,14476210176,21103867904,4195100,109
2022-05-05 07:23:05.507109+00:00,6627633152,14476234752,21103867904,4195100,109
2022-05-05 07:23:20.507003+00:00,6627633152,14476234752,21103867904,4195100,109
2022-05-05 07:23:35.508509+00:00,6627633152,14476234752,21103867904,4195100,109
2022-05-05 07:23:50.504431+00:00,6627633152,14476234752,21103867904,4195100,109
2022-05-05 07:24:05.503721+00:00,6627633152,14476234752,21103867904,4195100,109
2022-05-05 07:24:20.513525+00:00,6627624960,14476242944,21103867904,4195100,109
2022-05-05 07:24:35.504726+00:00,6627624960,14476242944,21103867904,4195100,109
2022-05-05 07:24:50.507065+00:00,6627592192,14476275712,21103867904,4195100,109
2022-05-05 07:25:05.507642+00:00,6627592192,14476275712,21103867904,4195100,109
2022-05-05 07:25:20.503698+00:00,6627592192,14476275712,21103867904,4195100,109
2022-05-05 07:25:35.503164+00:00,6627584000,14476283904,21103867904,4195100,109
2022-05-05 07:25:50.505314+00:00,6627575808,14476292096,21103867904,4195100,109
2022-05-05 07:26:05.501938+00:00,6627567616,14476300288,21103867904,4195100,109
2022-05-05 07:26:20.518494+00:00,6627567616,14476300288,21103867904,4195100,109
2022-05-05 07:26:35.501315+00:00,6627567616,14476300288,21103867904,4195100,109
2022-05-05 07:26:50.508949+00:00,6627567616,14476300288,21103867904,4195100,109
2022-05-05 07:27:05.501308+00:00,6627567616,14476300288,21103867904,4195100,109
2022-05-05 07:27:20.500411+00:00,6627567616,14476300288,21103867904,4195100,109
2022-05-05 07:27:35.508206+00:00,6627543040,14476324864,21103867904,4195100,109
2022-05-05 07:27:50.517311+00:00,6627543040,14476324864,21103867904,4195100,109
2022-05-05 07:32:05.492493+00:00,6627461120,14476406784,21103867904,4195100,109
2022-05-05 07:32:20.492978+00:00,6627461120,14476406784,21103867904,4195100,109
2022-05-05 07:32:35.500839+00:00,6627444736,14476423168,21103867904,4195100,109
2022-05-05 07:32:50.496671+00:00,6627444736,14476423168,21103867904,4195100,109
2022-05-05 07:33:05.503457+00:00,6627436544,14476431360,21103867904,4195100,109
2022-05-05 07:33:20.500860+00:00,6627436544,14476431360,21103867904,4195100,109
2022-05-05 07:33:35.490803+00:00,6627428352,14476439552,21103867904,4195100,109
2022-05-05 07:33:50.490270+00:00,6627428352,14476439552,21103867904,4195100,109
2022-05-05 07:34:05.489602+00:00,6627420160,14476447744,21103867904,4195100,109
2022-05-05 07:34:20.492521+00:00,6627420160,14476447744,21103867904,4195100,109
2022-05-05 07:34:35.501779+00:00,6627411968,14476455936,21103867904,4195100,109
2022-05-05 07:34:50.489821+00:00,6627379200,14476488704,21103867904,4195100,109
2022-05-05 07:35:05.499352+00:00,6627371008,14476496896,21103867904,4195100,109
2022-05-05 07:35:20.494047+00:00,6627371008,14476496896,21103867904,4195100,109
2022-05-05 07:35:35.490234+00:00,6627362816,14476505088,21103867904,4195100,109
2022-05-05 07:35:50.499404+00:00,6627362816,14476505088,21103867904,4195100,109
2022-05-05 07:36:05.487473+00:00,6627362816,14476505088,21103867904,4195100,109
2022-05-05 07:36:20.487878+00:00,6627362816,14476505088,21103867904,4195100,109
2022-05-05 07:36:35.486567+00:00,6627354624,14476513280,21103867904,4195100,109
2022-05-05 07:36:50.486953+00:00,6627354624,14476513280,21103867904,4195100,109
2022-05-05 07:37:05.485694+00:00,6627346432,14476521472,21103867904,4195100,109
2022-05-05 07:37:20.514382+00:00,6627338240,14476529664,21103867904,4195100,109
2022-05-05 07:37:35.486271+00:00,6627338240,14476529664,21103867904,4195100,109
2022-05-05 07:37:50.484451+00:00,6627338240,14476529664,21103867904,4195100,109
2022-05-05 07:38:05.487289+00:00,6627321856,14476546048,21103867904,4195100,109
2022-05-05 07:38:20.484582+00:00,6627321856,14476546048,21103867904,4195100,109
2022-05-05 07:38:35.488935+00:00,6627321856,14476546048,21103867904,4195100,109
2022-05-05 07:38:50.484492+00:00,6627321856,14476546048,21103867904,4195100,109
2022-05-05 07:39:05.481605+00:00,6627305472,14476562432,21103867904,4195100,109
2022-05-05 07:39:20.480309+00:00,6627305472,14476562432,21103867904,4195100,109
2022-05-05 07:39:35.486012+00:00,6627305472,14476562432,21103867904,4195100,109
2022-05-05 07:39:50.483216+00:00,6627272704,14476595200,21103867904,4195100,109
2022-05-05 07:40:05.493350+00:00,6627272704,14476595200,21103867904,4195100,109
2022-05-05 07:40:20.482081+00:00,6627272704,14476595200,21103867904,4195100,109
2022-05-05 07:40:35.480783+00:00,6627264512,14476603392,21103867904,4195100,109
2022-05-05 07:40:50.480621+00:00,6627264512,14476603392,21103867904,4195100,109
2022-05-05 07:41:05.479934+00:00,6627256320,14476611584,21103867904,4195100,109
2022-05-05 07:41:20.492446+00:00,6627256320,14476611584,21103867904,4195100,109
2022-05-05 07:41:35.482968+00:00,6627248128,14476619776,21103867904,4195100,109
2022-05-05 07:41:50.476283+00:00,6627248128,14476619776,21103867904,4195100,109
2022-05-05 07:42:05.480758+00:00,6627239936,14476627968,21103867904,4195100,109
2022-05-05 07:42:20.478602+00:00,6627239936,14476627968,21103867904,4195100,109
2022-05-05 07:42:35.481347+00:00,6627231744,14476636160,21103867904,4195100,109
2022-05-05 07:42:50.484107+00:00,6627231744,14476636160,21103867904,4195100,109
2022-05-05 07:43:05.476255+00:00,6627223552,14476644352,21103867904,4195100,109
2022-05-05 07:43:20.475752+00:00,6627223552,14476644352,21103867904,4195100,109
2022-05-05 07:43:35.475740+00:00,6627223552,14476644352,21103867904,4195100,109
2022-05-05 07:43:50.481803+00:00,6627215360,14476652544,21103867904,4195100,109
2022-05-05 07:44:05.476545+00:00,6627198976,14476668928,21103867904,4195100,109
2022-05-05 07:44:20.475191+00:00,6627198976,14476668928,21103867904,4195100,109
2022-05-05 07:44:35.474009+00:00,6627198976,14476668928,21103867904,4195100,109
2022-05-05 07:44:50.474300+00:00,6627166208,14476701696,21103867904,4195100,109
2022-05-05 07:45:05.473430+00:00,6627166208,14476701696,21103867904,4195100,109
2022-05-05 07:45:20.474974+00:00,6627166208,14476701696,21103867904,4195100,109
2022-05-05 07:45:35.483257+00:00,6627149824,14476718080,21103867904,4195100,109
2022-05-05 07:45:50.470645+00:00,6627149824,14476718080,21103867904,4195100,109
2022-05-05 07:46:05.470924+00:00,6627141632,14476726272,21103867904,4195100,109
2022-05-05 07:46:20.480905+00:00,6627141632,14476726272,21103867904,4195100,109
2022-05-05 07:46:35.477578+00:00,6627141632,14476726272,21103867904,4195100,109
2022-05-05 07:46:50.484329+00:00,6627141632,14476726272,21103867904,4195100,109
2022-05-05 07:47:05.470186+00:00,6627125248,14476742656,21103867904,4195100,109
2022-05-05 07:47:20.470168+00:00,6627125248,14476742656,21103867904,4195100,109
2022-05-05 07:47:35.469052+00:00,6627125248,14476742656,21103867904,4195100,109
2022-05-05 07:47:50.470132+00:00,6627117056,14476750848,21103867904,4195100,109
2022-05-05 07:48:05.478598+00:00,6627117056,14476750848,21103867904,4195100,109
2022-05-05 07:48:20.469646+00:00,6627117056,14476750848,21103867904,4195100,109
2022-05-05 07:48:35.471927+00:00,6627092480,14476775424,21103867904,4195100,109
2022-05-05 07:48:50.465972+00:00,6627092480,14476775424,21103867904,4195100,109
2022-05-05 07:49:05.469315+00:00,6627092480,14476775424,21103867904,4195100,109
2022-05-05 07:49:20.468144+00:00,6627092480,14476775424,21103867904,4195100,109
2022-05-05 07:49:35.486095+00:00,6627100672,14476767232,21103867904,4195100,109
2022-05-05 07:49:50.472065+00:00,6627067904,14476800000,21103867904,4195100,109
2022-05-05 07:50:05.465297+00:00,6627059712,14476808192,21103867904,4195100,109
2022-05-05 07:50:20.470686+00:00,6627051520,14476816384,21103867904,4195100,109
2022-05-05 07:50:35.470083+00:00,6627043328,14476824576,21103867904,4195100,109
2022-05-05 07:50:50.469683+00:00,6627043328,14476824576,21103867904,4195100,109
2022-05-05 07:51:05.481594+00:00,6627043328,14476824576,21103867904,4195100,109
2022-05-05 07:51:20.464389+00:00,6627043328,14476824576,21103867904,4195100,109
2022-05-05 07:51:35.463064+00:00,6627035136,14476832768,21103867904,4195100,109
2022-05-05 07:51:50.463499+00:00,6627035136,14476832768,21103867904,4195100,109
2022-05-05 07:52:05.466812+00:00,6627026944,14476840960,21103867904,4195100,109
2022-05-05 07:52:20.469154+00:00,6627026944,14476840960,21103867904,4195100,109
2022-05-05 07:52:35.475885+00:00,6627026944,14476840960,21103867904,4195100,109
2022-05-05 07:52:50.461235+00:00,6627018752,14476849152,21103867904,4195100,109
2022-05-05 07:53:05.460174+00:00,6627002368,14476865536,21103867904,4195100,109
2022-05-05 07:53:20.463714+00:00,6627002368,14476865536,21103867904,4195100,109
2022-05-05 07:53:35.459568+00:00,6626994176,14476873728,21103867904,4195100,109
2022-05-05 07:53:50.462298+00:00,6626994176,14476873728,21103867904,4195100,109
2022-05-05 07:54:05.458529+00:00,6626994176,14476873728,21103867904,4195100,109
2022-05-05 07:54:20.459406+00:00,6626994176,14476873728,21103867904,4195100,109
2022-05-05 07:54:35.458021+00:00,6626985984,14476881920,21103867904,4195100,109
2022-05-05 07:59:20.458331+00:00,6626879488,14476988416,21103867904,4195100,109
2022-05-05 07:59:35.449175+00:00,6626887680,14476980224,21103867904,4195100,109
2022-05-05 07:59:50.450539+00:00,6626854912,14477012992,21103867904,4195100,109
2022-05-05 08:00:05.452579+00:00,6626838528,14477029376,21103867904,4195100,109
2022-05-05 08:00:20.449474+00:00,6626838528,14477029376,21103867904,4195100,109
2022-05-05 08:00:35.457454+00:00,6626830336,14477037568,21103867904,4195100,109
2022-05-05 08:00:50.462094+00:00,6626830336,14477037568,21103867904,4195100,109
2022-05-05 08:01:05.448460+00:00,6626830336,14477037568,21103867904,4195100,109
2022-05-05 08:01:20.449158+00:00,6626830336,14477037568,21103867904,4195100,109
2022-05-05 08:01:35.450795+00:00,6626830336,14477037568,21103867904,4195100,109
2022-05-05 08:01:50.458500+00:00,6626822144,14477045760,21103867904,4195100,109
2022-05-05 08:02:05.450808+00:00,6626805760,14477062144,21103867904,4195100,109
2022-05-05 08:02:20.463570+00:00,6626805760,14477062144,21103867904,4195100,109
2022-05-05 08:02:35.446935+00:00,6626805760,14477062144,21103867904,4195100,109
2022-05-05 08:02:50.446669+00:00,6626805760,14477062144,21103867904,4195100,109
2022-05-05 08:03:05.445395+00:00,6626797568,14477070336,21103867904,4195100,109
2022-05-05 08:03:20.451393+00:00,6626797568,14477070336,21103867904,4195100,109
2022-05-05 08:03:35.452409+00:00,6626781184,14477086720,21103867904,4195100,109
2022-05-05 08:03:50.443958+00:00,6626781184,14477086720,21103867904,4195100,109
2022-05-05 08:04:05.443088+00:00,6626781184,14477086720,21103867904,4195100,109
2022-05-05 08:04:20.447372+00:00,6626781184,14477086720,21103867904,4195100,109
2022-05-05 08:04:35.446808+00:00,6626781184,14477086720,21103867904,4195100,109
2022-05-05 08:04:50.447481+00:00,6626748416,14477119488,21103867904,4195100,109
2022-05-05 08:05:05.442337+00:00,6626732032,14477135872,21103867904,4195100,109
2022-05-05 08:05:20.442385+00:00,6626732032,14477135872,21103867904,4195100,109
2022-05-05 08:05:35.440776+00:00,6626732032,14477135872,21103867904,4195100,109
2022-05-05 08:05:50.441303+00:00,6626732032,14477135872,21103867904,4195100,109
2022-05-05 08:06:05.470052+00:00,6626732032,14477135872,21103867904,4195100,109
2022-05-05 08:06:20.445099+00:00,6626732032,14477135872,21103867904,4195100,109
2022-05-05 08:06:35.449798+00:00,6626715648,14477152256,21103867904,4195100,109
2022-05-05 08:06:50.444086+00:00,6626715648,14477152256,21103867904,4195100,109
2022-05-05 08:07:05.438791+00:00,6626707456,14477160448,21103867904,4195100,109
2022-05-05 08:07:20.440353+00:00,6626707456,14477160448,21103867904,4195100,109
2022-05-05 08:07:35.450045+00:00,6626707456,14477160448,21103867904,4195100,109
2022-05-05 08:07:50.436606+00:00,6626699264,14477168640,21103867904,4195100,109
2022-05-05 08:08:05.437335+00:00,6626691072,14477176832,21103867904,4195100,109
2022-05-05 08:08:20.435726+00:00,6626682880,14477185024,21103867904,4195100,109
2022-05-05 08:08:35.436454+00:00,6626682880,14477185024,21103867904,4195100,109
2022-05-05 08:08:50.443690+00:00,6626682880,14477185024,21103867904,4195100,109
2022-05-05 08:09:05.437747+00:00,6626674688,14477193216,21103867904,4195100,109
2022-05-05 08:09:20.438228+00:00,6626674688,14477193216,21103867904,4195100,109
2022-05-05 08:09:35.435542+00:00,6626666496,14477201408,21103867904,4195100,109
2022-05-05 08:09:50.434711+00:00,6626633728,14477234176,21103867904,4195100,109
2022-05-05 08:10:05.433963+00:00,6626625536,14477242368,21103867904,4195100,109
2022-05-05 08:10:20.442061+00:00,6626625536,14477242368,21103867904,4195100,109
2022-05-05 08:10:35.433571+00:00,6626625536,14477242368,21103867904,4195100,109
2022-05-05 08:10:50.433545+00:00,6626625536,14477242368,21103867904,4195100,109
2022-05-05 08:11:05.432811+00:00,6626617344,14477250560,21103867904,4195100,109
2022-05-05 08:11:20.432511+00:00,6626617344,14477250560,21103867904,4195100,109
2022-05-05 08:11:35.444661+00:00,6626600960,14477266944,21103867904,4195100,109
2022-05-05 08:11:50.447236+00:00,6626600960,14477266944,21103867904,4195100,109
2022-05-05 08:12:05.432241+00:00,6626600960,14477266944,21103867904,4195100,109
2022-05-05 08:12:20.430202+00:00,6626600960,14477266944,21103867904,4195100,109
2022-05-05 08:12:35.431416+00:00,6626592768,14477275136,21103867904,4195100,109
2022-05-05 08:12:50.430872+00:00,6626592768,14477275136,21103867904,4195100,109
2022-05-05 08:13:05.442965+00:00,6626576384,14477291520,21103867904,4195100,109
2022-05-05 08:13:20.430939+00:00,6626576384,14477291520,21103867904,4195100,109
2022-05-05 08:13:35.456843+00:00,6626560000,14477307904,21103867904,4195100,109
2022-05-05 08:13:50.433207+00:00,6626560000,14477307904,21103867904,4195100,109
2022-05-05 08:14:05.429986+00:00,6626560000,14477307904,21103867904,4195100,109
2022-05-05 08:14:20.459800+00:00,6626560000,14477307904,21103867904,4195100,109
2022-05-05 08:14:35.436757+00:00,6626568192,14477299712,21103867904,4195100,109
2022-05-05 08:14:50.428621+00:00,6626527232,14477340672,21103867904,4195100,109
2022-05-05 08:15:05.428875+00:00,6626519040,14477348864,21103867904,4195100,109
2022-05-05 08:15:20.424587+00:00,6626519040,14477348864,21103867904,4195100,109
2022-05-05 08:15:35.428239+00:00,6626519040,14477348864,21103867904,4195100,109
2022-05-05 08:15:50.431791+00:00,6626519040,14477348864,21103867904,4195100,109
2022-05-05 08:16:05.428322+00:00,6626510848,14477357056,21103867904,4195100,109
2022-05-05 08:16:20.431047+00:00,6626510848,14477357056,21103867904,4195100,109
2022-05-05 08:16:35.425947+00:00,6626494464,14477373440,21103867904,4195100,109
2022-05-05 08:16:50.422808+00:00,6626494464,14477373440,21103867904,4195100,109
2022-05-05 08:17:05.449464+00:00,6626494464,14477373440,21103867904,4195100,109
2022-05-05 08:17:20.439102+00:00,6626494464,14477373440,21103867904,4195100,109
2022-05-05 08:17:35.423134+00:00,6626494464,14477373440,21103867904,4195100,109
2022-05-05 08:17:50.422225+00:00,6626486272,14477381632,21103867904,4195100,109
2022-05-05 08:18:05.422383+00:00,6626469888,14477398016,21103867904,4195100,109
2022-05-05 08:18:20.439759+00:00,6626469888,14477398016,21103867904,4195100,109
2022-05-05 08:18:35.426594+00:00,6626461696,14477406208,21103867904,4195100,109
2022-05-05 08:18:50.421560+00:00,6626461696,14477406208,21103867904,4195100,109
2022-05-05 08:19:05.423025+00:00,6626461696,14477406208,21103867904,4195100,109
2022-05-05 08:19:20.420073+00:00,6626461696,14477406208,21103867904,4195100,109
2022-05-05 08:19:35.421334+00:00,6626453504,14477414400,21103867904,4195100,109
2022-05-05 08:19:50.423173+00:00,6626412544,14477455360,21103867904,4195100,109
2022-05-05 08:20:05.441494+00:00,6626412544,14477455360,21103867904,4195100,109
2022-05-05 08:20:20.422426+00:00,6626412544,14477455360,21103867904,4195100,109
2022-05-05 08:20:35.417973+00:00,6626404352,14477463552,21103867904,4195100,109
2022-05-05 08:20:50.419415+00:00,6626404352,14477463552,21103867904,4195100,109
2022-05-05 08:21:05.419448+00:00,6626396160,14477471744,21103867904,4195100,109
2022-05-05 08:21:20.429006+00:00,6626387968,14477479936,21103867904,4195100,109
2022-05-05 08:21:35.420866+00:00,6626387968,14477479936,21103867904,4195100,109
2022-05-05 08:21:50.416970+00:00,6626387968,14477479936,21103867904,4195100,109
2022-05-05 08:22:05.415485+00:00,6626387968,14477479936,21103867904,4195100,109
2022-05-05 08:22:20.427294+00:00,6626387968,14477479936,21103867904,4195100,109
2022-05-05 08:22:35.428460+00:00,6626379776,14477488128,21103867904,4195100,109
2022-05-05 08:22:50.425604+00:00,6626371584,14477496320,21103867904,4195100,109
2022-05-05 08:23:05.421392+00:00,6626355200,14477512704,21103867904,4195100,109
2022-05-05 08:23:20.415296+00:00,6626355200,14477512704,21103867904,4195100,109
2022-05-05 08:23:35.414523+00:00,6626355200,14477512704,21103867904,4195100,109
2022-05-05 08:23:50.412857+00:00,6626355200,14477512704,21103867904,4195100,109
2022-05-05 08:24:05.422626+00:00,6626347008,14477520896,21103867904,4195100,109
2022-05-05 08:24:20.418669+00:00,6626347008,14477520896,21103867904,4195100,109
2022-05-05 08:24:35.412336+00:00,6626347008,14477520896,21103867904,4195100,109
2022-05-05 08:24:50.412274+00:00,6626314240,14477553664,21103867904,4195100,109
2022-05-05 08:25:05.410958+00:00,6626306048,14477561856,21103867904,4195100,109
2022-05-05 08:25:20.417915+00:00,6626306048,14477561856,21103867904,4195100,109
2022-05-05 08:25:35.425291+00:00,6626297856,14477570048,21103867904,4195100,109
2022-05-05 08:25:50.411058+00:00,6626297856,14477570048,21103867904,4195100,109
2022-05-05 08:26:05.421984+00:00,6626297856,14477570048,21103867904,4195100,109
2022-05-05 08:26:20.411362+00:00,6626289664,14477578240,21103867904,4195100,109
2022-05-05 08:26:35.408937+00:00,6626289664,14477578240,21103867904,4195100,109
2022-05-05 08:26:50.429629+00:00,6626289664,14477578240,21103867904,4195100,109
2022-05-05 08:27:05.408298+00:00,6626281472,14477586432,21103867904,4195100,109
2022-05-05 08:27:20.407063+00:00,6626281472,14477586432,21103867904,4195100,109
2022-05-05 08:27:35.407877+00:00,6626273280,14477594624,21103867904,4195100,109
2022-05-05 08:27:50.420932+00:00,6626265088,14477602816,21103867904,4195100,109
2022-05-05 08:28:05.437158+00:00,6626256896,14477611008,21103867904,4195100,109
2022-05-05 08:28:20.418008+00:00,6626256896,14477611008,21103867904,4195100,109
2022-05-05 08:28:35.406611+00:00,6626248704,14477619200,21103867904,4195100,109
2022-05-05 08:28:50.410367+00:00,6626248704,14477619200,21103867904,4195100,109
2022-05-05 08:29:05.405459+00:00,6626248704,14477619200,21103867904,4195100,109
2022-05-05 08:29:20.405570+00:00,6626248704,14477619200,21103867904,4195100,109
2022-05-05 08:29:35.417294+00:00,6626240512,14477627392,21103867904,4195100,109
2022-05-05 08:29:50.414776+00:00,6626207744,14477660160,21103867904,4195100,109
2022-05-05 08:30:05.403588+00:00,6626191360,14477676544,21103867904,4195100,109
2022-05-05 08:30:20.404586+00:00,6626191360,14477676544,21103867904,4195100,109
2022-05-05 08:30:35.402391+00:00,6626191360,14477676544,21103867904,4195100,109
2022-05-05 08:30:50.418233+00:00,6626191360,14477676544,21103867904,4195100,109
2022-05-05 08:31:05.420436+00:00,6626183168,14477684736,21103867904,4195100,109
2022-05-05 08:31:20.403041+00:00,6626183168,14477684736,21103867904,4195100,109
2022-05-05 08:31:35.401263+00:00,6626174976,14477692928,21103867904,4195100,109
2022-05-05 08:31:50.402265+00:00,6626174976,14477692928,21103867904,4195100,109
2022-05-05 08:32:05.401790+00:00,6626166784,14477701120,21103867904,4195100,109
2022-05-05 08:32:20.411180+00:00,6626166784,14477701120,21103867904,4195100,109
2022-05-05 08:32:35.397721+00:00,6626166784,14477701120,21103867904,4195100,109
2022-05-05 08:32:50.399881+00:00,6626150400,14477717504,21103867904,4195100,109
2022-05-05 08:33:05.400691+00:00,6626142208,14477725696,21103867904,4195100,109
2022-05-05 08:33:20.407529+00:00,6626142208,14477725696,21103867904,4195100,109
2022-05-05 08:33:35.401390+00:00,6626142208,14477725696,21103867904,4195100,109
2022-05-05 08:33:50.424595+00:00,6626142208,14477725696,21103867904,4195100,109
2022-05-05 08:34:05.397665+00:00,6626142208,14477725696,21103867904,4195100,109
2022-05-05 08:34:20.397223+00:00,6626142208,14477725696,21103867904,4195100,109
2022-05-05 08:34:35.396617+00:00,6626125824,14477742080,21103867904,4195100,109
2022-05-05 08:34:50.396284+00:00,6626093056,14477774848,21103867904,4195100,109
2022-05-05 08:35:05.417280+00:00,6626093056,14477774848,21103867904,4195100,109
2022-05-05 08:35:50.396055+00:00,6626093056,14477774848,21103867904,4195100,109
2022-05-05 08:36:05.394231+00:00,6626076672,14477791232,21103867904,4195100,109
2022-05-05 08:37:20.400320+00:00,6626068480,14477799424,21103867904,4195100,109
2022-05-05 08:37:35.391638+00:00,6626052096,14477815808,21103867904,4195100,109
2022-05-05 08:37:50.402252+00:00,6626043904,14477824000,21103867904,4195100,109
2022-05-05 08:38:05.393118+00:00,6626043904,14477824000,21103867904,4195100,109
2022-05-05 08:42:50.385366+00:00,6625929216,14477938688,21103867904,4195100,109
2022-05-05 08:43:05.398253+00:00,6625929216,14477938688,21103867904,4195100,109
2022-05-05 08:43:20.389369+00:00,6625929216,14477938688,21103867904,4195100,109
2022-05-05 08:43:35.385677+00:00,6625912832,14477955072,21103867904,4195100,109
2022-05-05 08:43:50.382757+00:00,6625912832,14477955072,21103867904,4195100,109
2022-05-05 08:44:05.381714+00:00,6625912832,14477955072,21103867904,4195100,109
2022-05-05 08:44:20.381646+00:00,6625904640,14477963264,21103867904,4195100,109
2022-05-05 08:44:35.393063+00:00,6625912832,14477955072,21103867904,4195100,109
2022-05-05 08:44:50.395622+00:00,6625880064,14477987840,21103867904,4195100,109
2022-05-05 08:45:05.380230+00:00,6625871872,14477996032,21103867904,4195100,109
2022-05-05 08:45:20.379977+00:00,6625871872,14477996032,21103867904,4195100,109
2022-05-05 08:45:35.381066+00:00,6625871872,14477996032,21103867904,4195100,109
2022-05-05 08:45:50.382875+00:00,6625863680,14478004224,21103867904,4195100,109
2022-05-05 08:46:05.409749+00:00,6625855488,14478012416,21103867904,4195100,109
2022-05-05 08:46:20.389694+00:00,6625855488,14478012416,21103867904,4195100,109
2022-05-05 08:46:35.378566+00:00,6625839104,14478028800,21103867904,4195100,109
2022-05-05 08:46:50.383646+00:00,6625839104,14478028800,21103867904,4195100,109
2022-05-05 08:47:05.377805+00:00,6625839104,14478028800,21103867904,4195100,109
2022-05-05 08:47:20.392211+00:00,6625839104,14478028800,21103867904,4195100,109
2022-05-05 08:47:35.385882+00:00,6625830912,14478036992,21103867904,4195100,109
2022-05-05 08:47:50.377294+00:00,6625830912,14478036992,21103867904,4195100,109
2022-05-05 08:48:05.377698+00:00,6625806336,14478061568,21103867904,4195100,109
2022-05-05 08:48:20.376871+00:00,6625806336,14478061568,21103867904,4195100,109
2022-05-05 08:48:35.375750+00:00,6625806336,14478061568,21103867904,4195100,109
2022-05-05 08:48:50.386294+00:00,6625806336,14478061568,21103867904,4195100,109
2022-05-05 08:49:05.381658+00:00,6625798144,14478069760,21103867904,4195100,109
2022-05-05 08:49:20.375771+00:00,6625798144,14478069760,21103867904,4195100,109
2022-05-05 08:49:35.373685+00:00,6625798144,14478069760,21103867904,4195100,109
2022-05-05 08:49:50.374580+00:00,6625765376,14478102528,21103867904,4195100,109
2022-05-05 08:50:05.403927+00:00,6625765376,14478102528,21103867904,4195100,109
2022-05-05 08:50:20.374648+00:00,6625765376,14478102528,21103867904,4195100,109
2022-05-05 08:50:35.373501+00:00,6625757184,14478110720,21103867904,4195100,109
2022-05-05 08:50:50.371284+00:00,6625748992,14478118912,21103867904,4195100,109
2022-05-05 08:51:05.375489+00:00,6625740800,14478127104,21103867904,4195100,109
2022-05-05 08:51:20.376709+00:00,6625740800,14478127104,21103867904,4195100,109
2022-05-05 08:51:35.400595+00:00,6625740800,14478127104,21103867904,4195100,109
2022-05-05 08:51:50.372339+00:00,6625740800,14478127104,21103867904,4195100,109
2022-05-05 08:52:05.379874+00:00,6625740800,14478127104,21103867904,4195100,109
2022-05-05 08:52:20.369275+00:00,6625740800,14478127104,21103867904,4195100,109
2022-05-05 08:52:35.369147+00:00,6625716224,14478151680,21103867904,4195100,109
2022-05-05 08:52:50.379413+00:00,6625716224,14478151680,21103867904,4195100,109
2022-05-05 08:53:05.377332+00:00,6625708032,14478159872,21103867904,4195100,109
2022-05-05 08:53:20.366213+00:00,6625708032,14478159872,21103867904,4195100,109
2022-05-05 08:53:35.375622+00:00,6625708032,14478159872,21103867904,4195100,109
2022-05-05 08:53:50.366941+00:00,6625708032,14478159872,21103867904,4195100,109
2022-05-05 08:54:05.367583+00:00,6625691648,14478176256,21103867904,4195100,109
2022-05-05 08:54:20.393551+00:00,6625691648,14478176256,21103867904,4195100,109
2022-05-05 08:54:35.365915+00:00,6625691648,14478176256,21103867904,4195100,109
2022-05-05 08:54:50.365726+00:00,6625658880,14478209024,21103867904,4195100,109
2022-05-05 08:55:05.366630+00:00,6625650688,14478217216,21103867904,4195100,109
2022-05-05 08:55:20.364665+00:00,6625650688,14478217216,21103867904,4195100,109
2022-05-05 08:55:35.381533+00:00,6625634304,14478233600,21103867904,4195100,109
2022-05-05 08:55:50.382129+00:00,6625634304,14478233600,21103867904,4195100,109
2022-05-05 08:56:05.363737+00:00,6625634304,14478233600,21103867904,4195100,109
2022-05-05 09:00:50.361476+00:00,6625536000,14478331904,21103867904,4195100,109
2022-05-05 09:01:05.367250+00:00,6625536000,14478331904,21103867904,4195100,109
2022-05-05 09:01:20.367232+00:00,6625536000,14478331904,21103867904,4195100,109
2022-05-05 09:01:35.354779+00:00,6625527808,14478340096,21103867904,4195100,109
2022-05-05 09:01:50.357991+00:00,6625527808,14478340096,21103867904,4195100,109
2022-05-05 09:02:05.354715+00:00,6625511424,14478356480,21103867904,4195100,109
2022-05-05 09:02:20.355804+00:00,6625511424,14478356480,21103867904,4195100,109
2022-05-05 09:02:35.365136+00:00,6625511424,14478356480,21103867904,4195100,109
2022-05-05 09:02:50.363927+00:00,6625511424,14478356480,21103867904,4195100,109
2022-05-05 09:03:05.354514+00:00,6625503232,14478364672,21103867904,4195100,109
2022-05-05 09:03:20.360074+00:00,6625495040,14478372864,21103867904,4195100,109
2022-05-05 09:03:35.352197+00:00,6625495040,14478372864,21103867904,4195100,109
2022-05-05 09:03:50.359306+00:00,6625486848,14478381056,21103867904,4195100,109
2022-05-05 09:04:05.374110+00:00,6625478656,14478389248,21103867904,4195100,109
2022-05-05 09:04:20.358308+00:00,6625478656,14478389248,21103867904,4195100,109
2022-05-05 09:04:35.354380+00:00,6625470464,14478397440,21103867904,4195100,109
2022-05-05 09:04:50.353553+00:00,6625437696,14478430208,21103867904,4195100,109
2022-05-05 09:05:05.355308+00:00,6625437696,14478430208,21103867904,4195100,109
2022-05-05 09:05:20.361622+00:00,6625437696,14478430208,21103867904,4195100,109
2022-05-05 09:05:35.349585+00:00,6625429504,14478438400,21103867904,4195100,109
2022-05-05 09:05:50.351686+00:00,6625429504,14478438400,21103867904,4195100,109
2022-05-05 09:06:05.350224+00:00,6625421312,14478446592,21103867904,4195100,109
2022-05-05 09:06:20.347659+00:00,6625421312,14478446592,21103867904,4195100,109
2022-05-05 09:06:35.354429+00:00,6625413120,14478454784,21103867904,4195100,109
2022-05-05 09:06:50.361617+00:00,6625413120,14478454784,21103867904,4195100,109
2022-05-05 09:07:05.352781+00:00,6625404928,14478462976,21103867904,4195100,109
2022-05-05 09:07:20.346927+00:00,6625404928,14478462976,21103867904,4195100,109
2022-05-05 09:07:35.346219+00:00,6625396736,14478471168,21103867904,4195100,109
2022-05-05 09:07:50.344014+00:00,6625396736,14478471168,21103867904,4195100,109
2022-05-05 09:08:05.374444+00:00,6625388544,14478479360,21103867904,4195100,109
2022-05-05 09:08:20.345122+00:00,6625388544,14478479360,21103867904,4195100,109
2022-05-05 09:08:35.345762+00:00,6625388544,14478479360,21103867904,4195100,109
2022-05-05 09:08:50.350968+00:00,6625380352,14478487552,21103867904,4195100,109
2022-05-05 09:09:05.343819+00:00,6625363968,14478503936,21103867904,4195100,109
2022-05-05 09:09:20.351399+00:00,6625363968,14478503936,21103867904,4195100,109
2022-05-05 09:09:35.372323+00:00,6625372160,14478495744,21103867904,4195100,109
2022-05-05 09:09:50.344392+00:00,6625339392,14478528512,21103867904,4195100,109
2022-05-05 09:10:05.343586+00:00,6625339392,14478528512,21103867904,4195100,109
2022-05-05 09:10:20.341602+00:00,6625331200,14478536704,21103867904,4195100,109
2022-05-05 09:10:35.342117+00:00,6625323008,14478544896,21103867904,4195100,109
2022-05-05 09:10:50.359221+00:00,6625323008,14478544896,21103867904,4195100,109
2022-05-05 09:11:05.342617+00:00,6625314816,14478553088,21103867904,4195100,109
2022-05-05 09:11:20.342686+00:00,6625314816,14478553088,21103867904,4195100,109
2022-05-05 09:11:35.345030+00:00,6625314816,14478553088,21103867904,4195100,109
2022-05-05 09:11:50.339972+00:00,6625314816,14478553088,21103867904,4195100,109
2022-05-05 09:12:05.359491+00:00,6625298432,14478569472,21103867904,4195100,109
2022-05-05 09:12:20.350909+00:00,6625298432,14478569472,21103867904,4195100,109
2022-05-05 09:12:35.347376+00:00,6625298432,14478569472,21103867904,4195100,109
2022-05-05 09:12:50.344997+00:00,6625298432,14478569472,21103867904,4195100,109
2022-05-05 09:13:05.340922+00:00,6625290240,14478577664,21103867904,4195100,109
2022-05-05 09:13:20.338531+00:00,6625290240,14478577664,21103867904,4195100,109
2022-05-05 09:13:35.344241+00:00,6625265664,14478602240,21103867904,4195100,109
2022-05-05 09:13:50.342448+00:00,6625265664,14478602240,21103867904,4195100,109
2022-05-05 09:14:05.348245+00:00,6625265664,14478602240,21103867904,4195100,109
2022-05-05 09:18:50.331699+00:00,6625159168,14478708736,21103867904,4195100,109
2022-05-05 09:19:05.342698+00:00,6625159168,14478708736,21103867904,4195100,109
2022-05-05 09:19:20.331751+00:00,6625159168,14478708736,21103867904,4195100,109
2022-05-05 09:19:35.338959+00:00,6625159168,14478708736,21103867904,4195100,109
2022-05-05 09:19:50.334666+00:00,6625126400,14478741504,21103867904,4195100,109
2022-05-05 09:20:05.330400+00:00,6625110016,14478757888,21103867904,4195100,109
2022-05-05 09:20:20.346309+00:00,6625110016,14478757888,21103867904,4195100,109
2022-05-05 09:20:35.345434+00:00,6625110016,14478757888,21103867904,4195100,109
2022-05-05 09:20:50.328739+00:00,6625110016,14478757888,21103867904,4195100,109
2022-05-05 09:21:05.326649+00:00,6625101824,14478766080,21103867904,4195100,109
2022-05-05 09:21:20.325992+00:00,6625101824,14478766080,21103867904,4195100,109
2022-05-05 09:21:35.323514+00:00,6625101824,14478766080,21103867904,4195100,109
2022-05-05 09:21:50.340508+00:00,6625093632,14478774272,21103867904,4195100,109
2022-05-05 09:22:05.329075+00:00,6625093632,14478774272,21103867904,4195100,109
2022-05-05 09:22:20.326018+00:00,6625093632,14478774272,21103867904,4195100,109
2022-05-05 09:22:35.322345+00:00,6625077248,14478790656,21103867904,4195100,109
2022-05-05 09:22:50.324741+00:00,6625077248,14478790656,21103867904,4195100,109
2022-05-05 09:23:05.344118+00:00,6625069056,14478798848,21103867904,4195100,109
2022-05-05 09:23:20.328393+00:00,6625069056,14478798848,21103867904,4195100,109
2022-05-05 09:23:35.321641+00:00,6625060864,14478807040,21103867904,4195100,109
2022-05-05 09:23:50.329517+00:00,6625060864,14478807040,21103867904,4195100,109
2022-05-05 09:24:05.322421+00:00,6625052672,14478815232,21103867904,4195100,109
2022-05-05 09:24:20.319893+00:00,6625052672,14478815232,21103867904,4195100,109
2022-05-05 09:24:35.329324+00:00,6625052672,14478815232,21103867904,4195100,109
2022-05-05 09:24:50.322822+00:00,6625019904,14478848000,21103867904,4195100,109
2022-05-05 09:25:05.320513+00:00,6624995328,14478872576,21103867904,4195100,109
2022-05-05 09:25:20.319422+00:00,6624995328,14478872576,21103867904,4195100,109
2022-05-05 09:25:35.326900+00:00,6624995328,14478872576,21103867904,4195100,109
2022-05-05 09:25:50.349891+00:00,6624995328,14478872576,21103867904,4195100,109
2022-05-05 09:26:05.322931+00:00,6624995328,14478872576,21103867904,4195100,109
2022-05-05 09:26:20.318215+00:00,6624995328,14478872576,21103867904,4195100,109
2022-05-05 09:26:35.322383+00:00,6624978944,14478888960,21103867904,4195100,109
2022-05-05 09:26:50.318876+00:00,6624978944,14478888960,21103867904,4195100,109
2022-05-05 09:27:05.316554+00:00,6624970752,14478897152,21103867904,4195100,109
2022-05-05 09:27:20.334598+00:00,6624970752,14478897152,21103867904,4195100,109
2022-05-05 09:27:35.315947+00:00,6624970752,14478897152,21103867904,4195100,109
2022-05-05 09:27:50.317146+00:00,6624962560,14478905344,21103867904,4195100,109
2022-05-05 09:28:05.315074+00:00,6624954368,14478913536,21103867904,4195100,109
2022-05-05 09:28:20.312962+00:00,6624946176,14478921728,21103867904,4195100,109
2022-05-05 09:28:35.320848+00:00,6624946176,14478921728,21103867904,4195100,109
2022-05-05 09:28:50.328446+00:00,6624946176,14478921728,21103867904,4195100,109
2022-05-05 09:29:05.322893+00:00,6624946176,14478921728,21103867904,4195100,109
2022-05-05 09:29:20.317414+00:00,6624946176,14478921728,21103867904,4195100,109
2022-05-05 09:29:35.316432+00:00,6624937984,14478929920,21103867904,4195100,109
2022-05-05 09:29:50.317575+00:00,6624905216,14478962688,21103867904,4195100,109
2022-05-05 09:30:05.321304+00:00,6624897024,14478970880,21103867904,4195100,109
2022-05-05 09:30:20.321738+00:00,6624897024,14478970880,21103867904,4195100,109
2022-05-05 09:30:35.317381+00:00,6624897024,14478970880,21103867904,4195100,109
2022-05-05 09:30:50.311463+00:00,6624897024,14478970880,21103867904,4195100,109
2022-05-05 09:31:05.316762+00:00,6624888832,14478979072,21103867904,4195100,109
2022-05-05 09:31:20.326022+00:00,6624888832,14478979072,21103867904,4195100,109
2022-05-05 09:31:35.329222+00:00,6624872448,14478995456,21103867904,4195100,109
2022-05-05 09:31:50.309463+00:00,6624872448,14478995456,21103867904,4195100,109
2022-05-05 09:32:05.308191+00:00,6624872448,14478995456,21103867904,4195100,109
2022-05-05 09:32:20.309056+00:00,6624872448,14478995456,21103867904,4195100,109
2022-05-05 09:37:05.310249+00:00,6624757760,14479110144,21103867904,4195100,109
2022-05-05 09:37:20.303200+00:00,6624757760,14479110144,21103867904,4195100,109
2022-05-05 09:37:35.303690+00:00,6624757760,14479110144,21103867904,4195100,109
2022-05-05 09:37:50.298251+00:00,6624757760,14479110144,21103867904,4195100,109
2022-05-05 09:38:05.301941+00:00,6624741376,14479126528,21103867904,4195100,109
2022-05-05 09:38:20.312607+00:00,6624741376,14479126528,21103867904,4195100,109
2022-05-05 09:38:35.298804+00:00,6624724992,14479142912,21103867904,4195100,109
2022-05-05 09:38:50.301081+00:00,6624724992,14479142912,21103867904,4195100,109
2022-05-05 09:39:05.300298+00:00,6624724992,14479142912,21103867904,4195100,109
2022-05-05 09:39:20.296708+00:00,6624724992,14479142912,21103867904,4195100,109
2022-05-05 09:39:35.314638+00:00,6624733184,14479134720,21103867904,4195100,109
2022-05-05 09:39:50.312568+00:00,6624692224,14479175680,21103867904,4195100,109
2022-05-05 09:40:05.299360+00:00,6624684032,14479183872,21103867904,4195100,109
2022-05-05 09:40:20.301795+00:00,6624684032,14479183872,21103867904,4195100,109
2022-05-05 09:40:35.302690+00:00,6624684032,14479183872,21103867904,4195100,109
2022-05-05 09:40:50.303753+00:00,6624684032,14479183872,21103867904,4195100,109
2022-05-05 09:41:05.387237+00:00,6624675840,14479192064,21103867904,4195100,109
2022-05-05 09:41:20.294381+00:00,6624675840,14479192064,21103867904,4195100,109
2022-05-05 09:41:35.294084+00:00,6624659456,14479208448,21103867904,4195100,109
2022-05-05 09:41:50.293307+00:00,6624659456,14479208448,21103867904,4195100,109
2022-05-05 09:42:05.292472+00:00,6624659456,14479208448,21103867904,4195100,109
2022-05-05 09:42:20.319099+00:00,6624659456,14479208448,21103867904,4195100,109
2022-05-05 09:42:35.298504+00:00,6624659456,14479208448,21103867904,4195100,109
2022-05-05 09:42:50.293244+00:00,6624651264,14479216640,21103867904,4195100,109
2022-05-05 09:43:05.292998+00:00,6624626688,14479241216,21103867904,4195100,109
2022-05-05 09:43:20.291898+00:00,6624626688,14479241216,21103867904,4195100,109
2022-05-05 09:43:35.294414+00:00,6624626688,14479241216,21103867904,4195100,109
2022-05-05 09:43:50.310570+00:00,6624626688,14479241216,21103867904,4195100,109
2022-05-05 09:44:05.294469+00:00,6624626688,14479241216,21103867904,4195100,109
2022-05-05 09:44:20.291384+00:00,6624626688,14479241216,21103867904,4195100,109
2022-05-05 09:44:35.294344+00:00,6624618496,14479249408,21103867904,4195100,109
2022-05-05 09:44:50.295010+00:00,6624585728,14479282176,21103867904,4195100,109
2022-05-05 09:45:05.305959+00:00,6624585728,14479282176,21103867904,4195100,109
2022-05-05 09:45:20.310065+00:00,6624585728,14479282176,21103867904,4195100,109
2022-05-05 09:45:35.288189+00:00,6624577536,14479290368,21103867904,4195100,109
2022-05-05 09:45:50.285983+00:00,6624577536,14479290368,21103867904,4195100,109
2022-05-05 09:46:05.286209+00:00,6624569344,14479298560,21103867904,4195100,109
2022-05-05 09:46:20.287562+00:00,6624561152,14479306752,21103867904,4195100,109
2022-05-05 09:46:35.297776+00:00,6624561152,14479306752,21103867904,4195100,109
2022-05-05 09:46:50.287447+00:00,6624561152,14479306752,21103867904,4195100,109
2022-05-05 09:47:05.285463+00:00,6624561152,14479306752,21103867904,4195100,109
2022-05-05 09:47:20.288443+00:00,6624561152,14479306752,21103867904,4195100,109
2022-05-05 09:47:35.285334+00:00,6624544768,14479323136,21103867904,4195100,109
2022-05-05 09:47:50.291449+00:00,6624544768,14479323136,21103867904,4195100,109
2022-05-05 09:48:05.289493+00:00,6624528384,14479339520,21103867904,4195100,109
2022-05-05 09:48:20.285603+00:00,6624528384,14479339520,21103867904,4195100,109
2022-05-05 09:48:35.288305+00:00,6624528384,14479339520,21103867904,4195100,109
2022-05-05 09:48:50.288857+00:00,6624528384,14479339520,21103867904,4195100,109
2022-05-05 09:49:05.287680+00:00,6624520192,14479347712,21103867904,4195100,109
2022-05-05 09:49:20.284391+00:00,6624520192,14479347712,21103867904,4195100,109
2022-05-05 09:49:35.281288+00:00,6624512000,14479355904,21103867904,4195100,109
2022-05-05 09:49:50.280785+00:00,6624479232,14479388672,21103867904,4195100,109
2022-05-05 09:54:35.274410+00:00,6624405504,14479462400,21103867904,4195100,109
2022-05-05 09:54:50.301918+00:00,6624372736,14479495168,21103867904,4195100,109
2022-05-05 09:55:05.273908+00:00,6624364544,14479503360,21103867904,4195100,109
2022-05-05 09:55:20.282439+00:00,6624364544,14479503360,21103867904,4195100,109
2022-05-05 09:55:35.272822+00:00,6624364544,14479503360,21103867904,4195100,109
2022-05-05 09:55:50.271199+00:00,6624364544,14479503360,21103867904,4195100,109
2022-05-05 09:56:05.315233+00:00,6624356352,14479511552,21103867904,4195100,109
2022-05-05 09:56:20.277252+00:00,6624356352,14479511552,21103867904,4195100,109
2022-05-05 09:56:35.270841+00:00,6624348160,14479519744,21103867904,4195100,109
2022-05-05 09:56:50.273678+00:00,6624348160,14479519744,21103867904,4195100,109
2022-05-05 09:57:05.270125+00:00,6624339968,14479527936,21103867904,4195100,109
2022-05-05 09:57:20.271405+00:00,6624339968,14479527936,21103867904,4195100,109
2022-05-05 09:57:35.286186+00:00,6624339968,14479527936,21103867904,4195100,109
2022-05-05 09:57:50.270103+00:00,6624331776,14479536128,21103867904,4195100,109
2022-05-05 09:58:05.272779+00:00,6624315392,14479552512,21103867904,4195100,109
2022-05-05 09:58:20.267443+00:00,6624315392,14479552512,21103867904,4195100,109
2022-05-05 09:58:35.271267+00:00,6624315392,14479552512,21103867904,4195100,109
2022-05-05 09:58:50.275139+00:00,6624315392,14479552512,21103867904,4195100,109
2022-05-05 09:59:05.283242+00:00,6624307200,14479560704,21103867904,4195100,109
2022-05-05 09:59:20.267630+00:00,6624299008,14479568896,21103867904,4195100,109
2022-05-05 09:59:35.264999+00:00,6624290816,14479577088,21103867904,4195100,109
2022-05-05 09:59:50.266224+00:00,6624258048,14479609856,21103867904,4195100,109
2022-05-05 10:00:05.271049+00:00,6624258048,14479609856,21103867904,4195100,109
2022-05-05 10:00:20.289611+00:00,6624258048,14479609856,21103867904,4195100,109
2022-05-05 10:00:35.265506+00:00,6624258048,14479609856,21103867904,4195100,109
2022-05-05 10:00:50.265399+00:00,6624258048,14479609856,21103867904,4195100,109
2022-05-05 10:01:05.265109+00:00,6624241664,14479626240,21103867904,4195100,109
2022-05-05 10:01:20.264847+00:00,6624241664,14479626240,21103867904,4195100,109
2022-05-05 10:01:35.270995+00:00,6624233472,14479634432,21103867904,4195100,109
2022-05-05 10:01:50.264994+00:00,6624233472,14479634432,21103867904,4195100,109
2022-05-05 10:02:05.262483+00:00,6624233472,14479634432,21103867904,4195100,109
2022-05-05 10:02:20.270461+00:00,6624233472,14479634432,21103867904,4195100,109
2022-05-05 10:02:35.266597+00:00,6624217088,14479650816,21103867904,4195100,109
2022-05-05 10:02:50.274447+00:00,6624208896,14479659008,21103867904,4195100,109
2022-05-05 10:03:05.264686+00:00,6624208896,14479659008,21103867904,4195100,109
2022-05-05 10:03:20.262407+00:00,6624208896,14479659008,21103867904,4195100,109
2022-05-05 10:03:35.265248+00:00,6624208896,14479659008,21103867904,4195100,109
2022-05-05 10:03:50.262943+00:00,6624208896,14479659008,21103867904,4195100,109
2022-05-05 10:04:05.268532+00:00,6624192512,14479675392,21103867904,4195100,109
2022-05-05 10:04:20.258469+00:00,6624184320,14479683584,21103867904,4195100,109
2022-05-05 10:04:35.267077+00:00,6624192512,14479675392,21103867904,4195100,109
2022-05-05 10:04:50.265989+00:00,6624159744,14479708160,21103867904,4195100,109
2022-05-05 10:05:05.258560+00:00,6624159744,14479708160,21103867904,4195100,109
2022-05-05 10:05:20.257360+00:00,6624159744,14479708160,21103867904,4195100,109
2022-05-05 10:05:35.267930+00:00,6624151552,14479716352,21103867904,4195100,109
2022-05-05 10:05:50.261299+00:00,6624151552,14479716352,21103867904,4195100,109
2022-05-05 10:06:05.255466+00:00,6624135168,14479732736,21103867904,4195100,109
2022-05-05 10:06:20.261569+00:00,6624135168,14479732736,21103867904,4195100,109
2022-05-05 10:06:35.263129+00:00,6624135168,14479732736,21103867904,4195100,109
2022-05-05 10:06:50.263201+00:00,6624135168,14479732736,21103867904,4195100,109
2022-05-05 10:07:05.265196+00:00,6624126976,14479740928,21103867904,4195100,109
2022-05-05 10:07:20.260363+00:00,6624126976,14479740928,21103867904,4195100,109
2022-05-05 10:07:35.254851+00:00,6624118784,14479749120,21103867904,4195100,109
2022-05-05 10:07:50.254392+00:00,6624110592,14479757312,21103867904,4195100,109
2022-05-05 10:12:35.250379+00:00,6624012288,14479855616,21103867904,4195100,109
2022-05-05 10:12:50.247744+00:00,6624012288,14479855616,21103867904,4195100,109
2022-05-05 10:13:05.246183+00:00,6623987712,14479880192,21103867904,4195100,109
2022-05-05 10:13:20.246044+00:00,6623987712,14479880192,21103867904,4195100,109
2022-05-05 10:13:35.254560+00:00,6623987712,14479880192,21103867904,4195100,109
2022-05-05 10:13:50.275240+00:00,6623987712,14479880192,21103867904,4195100,109
2022-05-05 10:14:05.253578+00:00,6623979520,14479888384,21103867904,4195100,109
2022-05-05 10:14:20.244695+00:00,6623979520,14479888384,21103867904,4195100,109
2022-05-05 10:14:35.247677+00:00,6623979520,14479888384,21103867904,4195100,109
2022-05-05 10:14:50.241554+00:00,6623946752,14479921152,21103867904,4195100,109
2022-05-05 10:15:05.243137+00:00,6623938560,14479929344,21103867904,4195100,109
2022-05-05 10:15:20.244511+00:00,6623938560,14479929344,21103867904,4195100,109
2022-05-05 10:15:35.242558+00:00,6623930368,14479937536,21103867904,4195100,109
2022-05-05 10:15:50.242982+00:00,6623930368,14479937536,21103867904,4195100,109
2022-05-05 10:16:05.246396+00:00,6623922176,14479945728,21103867904,4195100,109
2022-05-05 10:16:20.238859+00:00,6623922176,14479945728,21103867904,4195100,109
2022-05-05 10:16:35.249521+00:00,6623922176,14479945728,21103867904,4195100,109
2022-05-05 10:16:50.248357+00:00,6623922176,14479945728,21103867904,4195100,109
2022-05-05 10:17:05.244492+00:00,6623922176,14479945728,21103867904,4195100,109
2022-05-05 10:17:20.239210+00:00,6623913984,14479953920,21103867904,4195100,109
2022-05-05 10:17:35.242224+00:00,6623897600,14479970304,21103867904,4195100,109
2022-05-05 10:17:50.239372+00:00,6623897600,14479970304,21103867904,4195100,109
2022-05-05 10:18:05.258688+00:00,6623889408,14479978496,21103867904,4195100,109
2022-05-05 10:18:20.241695+00:00,6623889408,14479978496,21103867904,4195100,109
2022-05-05 10:18:35.239951+00:00,6623889408,14479978496,21103867904,4195100,109
2022-05-05 10:18:50.241356+00:00,6623889408,14479978496,21103867904,4195100,109
2022-05-05 10:19:05.237390+00:00,6623873024,14479994880,21103867904,4195100,109
2022-05-05 10:19:20.253159+00:00,6623873024,14479994880,21103867904,4195100,109
2022-05-05 10:19:35.252126+00:00,6623873024,14479994880,21103867904,4195100,109
2022-05-05 10:19:50.235476+00:00,6623840256,14480027648,21103867904,4195100,109
2022-05-05 10:20:05.238371+00:00,6623832064,14480035840,21103867904,4195100,109
2022-05-05 10:20:20.235138+00:00,6623832064,14480035840,21103867904,4195100,109
2022-05-05 10:20:35.238963+00:00,6623815680,14480052224,21103867904,4195100,109
2022-05-05 10:20:50.236388+00:00,6623815680,14480052224,21103867904,4195100,109
2022-05-05 10:21:05.238003+00:00,6623815680,14480052224,21103867904,4195100,109
2022-05-05 10:21:20.244022+00:00,6623815680,14480052224,21103867904,4195100,109
2022-05-05 10:21:35.232421+00:00,6623815680,14480052224,21103867904,4195100,109
2022-05-05 10:21:50.231133+00:00,6623815680,14480052224,21103867904,4195100,109
2022-05-05 10:22:05.240571+00:00,6623799296,14480068608,21103867904,4195100,109
2022-05-05 10:22:20.243562+00:00,6623791104,14480076800,21103867904,4195100,109
2022-05-05 10:22:35.240766+00:00,6623791104,14480076800,21103867904,4195100,109
2022-05-05 10:22:50.233650+00:00,6623791104,14480076800,21103867904,4195100,109
2022-05-05 10:23:05.230079+00:00,6623782912,14480084992,21103867904,4195100,109
2022-05-05 10:23:20.238921+00:00,6623782912,14480084992,21103867904,4195100,109
2022-05-05 10:23:35.260362+00:00,6623774720,14480093184,21103867904,4195100,109
2022-05-05 10:23:50.232218+00:00,6623766528,14480101376,21103867904,4195100,109
2022-05-05 10:24:05.227125+00:00,6623766528,14480101376,21103867904,4195100,109
2022-05-05 10:24:20.227656+00:00,6623766528,14480101376,21103867904,4195100,109
2022-05-05 10:24:35.227338+00:00,6623766528,14480101376,21103867904,4195100,109
2022-05-05 10:24:50.264910+00:00,6623733760,14480134144,21103867904,4195100,109
2022-05-05 10:25:05.243727+00:00,6623725568,14480142336,21103867904,4195100,109
2022-05-05 10:25:20.228088+00:00,6623725568,14480142336,21103867904,4195100,109
2022-05-05 10:25:35.225982+00:00,6623717376,14480150528,21103867904,4195100,109
2022-05-05 10:25:50.227145+00:00,6623717376,14480150528,21103867904,4195100,109
