utctimestamp,in_errors,in_packets,in_bytes,in_dropped,out_errors,out_packets,out_bytes,out_dropped,name
2022-05-05 04:44:54.718073+00:00,0,1471376,71012858,15,0,207078,251176185,0,eth0
2022-05-05 04:45:09.719703+00:00,0,1471390,71013672,15,0,207088,251180338,0,eth0
2022-05-05 04:45:24.713539+00:00,0,1471405,71014567,15,0,207100,251185862,0,eth0
2022-05-05 04:45:39.713189+00:00,0,1471419,71015381,15,0,207110,251190100,0,eth0
2022-05-05 04:45:54.748426+00:00,0,1471435,71016328,15,0,207122,251195592,0,eth0
2022-05-05 04:46:09.709021+00:00,0,1471449,71017142,15,0,207132,251199784,0,eth0
2022-05-05 04:46:54.707222+00:00,0,1471494,71019792,15,0,207167,251215020,0,eth0
2022-05-05 04:47:09.728232+00:00,0,1471507,71020560,15,0,207176,251219184,0,eth0
2022-05-05 04:47:24.719660+00:00,0,1471523,71021501,15,0,207189,251224712,0,eth0
2022-05-05 04:47:39.705545+00:00,0,1471536,71022269,15,0,207198,251228811,0,eth0
2022-05-05 04:47:54.722769+00:00,0,1471553,71023262,15,0,207211,251234342,0,eth0
2022-05-05 04:48:09.702960+00:00,0,1471567,71024076,15,0,207221,251238574,0,eth0
2022-05-05 04:50:24.713058+00:00,0,1471703,71032427,15,0,207327,251283327,0,eth0
2022-05-05 04:50:39.706112+00:00,0,1471717,71033241,15,0,207337,251287494,0,eth0
2022-05-05 04:50:54.704344+00:00,0,1471733,71034188,15,0,207349,251292995,0,eth0
2022-05-05 04:51:09.712710+00:00,0,1471747,71035002,15,0,207359,251297184,0,eth0
2022-05-05 04:51:24.695506+00:00,0,1471762,71035897,15,0,207371,251302681,0,eth0
2022-05-05 04:51:39.707122+00:00,0,1471776,71036711,15,0,207381,251306867,0,eth0
2022-05-05 04:51:54.700446+00:00,0,1471791,71037606,15,0,207393,251312369,0,eth0
2022-05-05 04:52:09.693568+00:00,0,1471805,71038420,15,0,207403,251316560,0,eth0
2022-05-05 04:52:24.689643+00:00,0,1471821,71039367,15,0,207415,251322072,0,eth0
2022-05-05 04:52:39.723134+00:00,0,1471835,71040181,15,0,207425,251326298,0,eth0
2022-05-05 04:52:54.697763+00:00,0,1471850,71041076,15,0,207437,251331790,0,eth0
2022-05-05 04:53:09.698972+00:00,0,1471864,71041890,15,0,207447,251335979,0,eth0
2022-05-05 04:53:24.700798+00:00,0,1471879,71042785,15,0,207459,251341459,0,eth0
2022-05-05 04:53:39.702289+00:00,0,1471893,71043599,15,0,207469,251345671,0,eth0
2022-05-05 04:53:54.707272+00:00,0,1471909,71044540,15,0,207482,251351197,0,eth0
2022-05-05 04:54:09.715300+00:00,0,1471922,71045308,15,0,207491,251355326,0,eth0
2022-05-05 04:54:24.704156+00:00,0,1471938,71046249,15,0,207504,251360865,0,eth0
2022-05-05 04:54:39.695568+00:00,0,1471951,71047017,15,0,207513,251365004,0,eth0
2022-05-05 04:54:54.697804+00:00,0,1471967,71047958,15,0,207526,251370541,0,eth0
2022-05-05 04:55:09.694555+00:00,0,1471980,71048726,15,0,207535,251374692,0,eth0
2022-05-05 04:55:24.741683+00:00,0,1471996,71049667,15,0,207548,251380159,0,eth0
2022-05-05 04:55:39.700283+00:00,0,1472010,71050481,15,0,207558,251384387,0,eth0
2022-05-05 04:55:54.695183+00:00,0,1472025,71051376,15,0,207570,251389878,0,eth0
2022-05-05 04:56:09.693771+00:00,0,1472039,71052190,15,0,207580,251394068,0,eth0
2022-05-05 04:56:24.682136+00:00,0,1472055,71053137,15,0,207592,251399586,0,eth0
2022-05-05 04:56:39.746876+00:00,0,1472069,71053951,15,0,207602,251403792,0,eth0
2022-05-05 04:56:54.743689+00:00,0,1472086,71054944,15,0,207615,251409285,0,eth0
2022-05-05 04:57:09.695872+00:00,0,1472099,71055712,15,0,207624,251413412,0,eth0
2022-05-05 04:57:24.691948+00:00,0,1472115,71056653,15,0,207637,251418947,0,eth0
2022-05-05 04:57:39.681083+00:00,0,1472128,71057421,15,0,207646,251423045,0,eth0
2022-05-05 04:57:54.695076+00:00,0,1472143,71058316,15,0,207658,251428518,0,eth0
2022-05-05 04:58:09.704438+00:00,0,1472157,71059130,15,0,207668,251432699,0,eth0
2022-05-05 04:58:24.689621+00:00,0,1472172,71060025,15,0,207680,251438201,0,eth0
2022-05-05 04:58:39.691543+00:00,0,1472185,71060793,15,0,207689,251442333,0,eth0
2022-05-05 05:02:24.692871+00:00,0,1472403,71073663,15,0,207853,251515617,0,eth0
2022-05-05 05:02:39.684330+00:00,0,1472417,71074477,15,0,207863,251519805,0,eth0
2022-05-05 05:02:54.683368+00:00,0,1472432,71075372,15,0,207875,251525312,0,eth0
2022-05-05 05:03:09.682152+00:00,0,1472446,71076186,15,0,207885,251529514,0,eth0
2022-05-05 05:03:24.691492+00:00,0,1472462,71077127,15,0,207899,251535112,0,eth0
2022-05-05 05:03:39.691989+00:00,0,1472475,71077895,15,0,207908,251539257,0,eth0
2022-05-05 05:03:54.690495+00:00,0,1472491,71078836,15,0,207921,251544772,0,eth0
2022-05-05 05:04:09.694040+00:00,0,1472505,71079650,15,0,207931,251548975,0,eth0
2022-05-05 05:04:24.683934+00:00,0,1472521,71080597,15,0,207943,251554429,0,eth0
2022-05-05 05:04:39.681699+00:00,0,1472535,71081411,15,0,207953,251558645,0,eth0
2022-05-05 05:04:54.720647+00:00,0,1472551,71082352,15,0,207966,251564185,0,eth0
2022-05-05 05:05:09.715390+00:00,0,1472564,71083120,15,0,207975,251568340,0,eth0
2022-05-05 05:05:24.684511+00:00,0,1472580,71084061,15,0,207988,251573882,0,eth0
2022-05-05 05:05:39.677223+00:00,0,1472594,71084875,15,0,207998,251578095,0,eth0
2022-05-05 05:05:54.682610+00:00,0,1472610,71085822,15,0,208010,251583585,0,eth0
2022-05-05 05:06:09.671504+00:00,0,1472624,71086636,15,0,208020,251587758,0,eth0
2022-05-05 05:06:24.690907+00:00,0,1472640,71087577,15,0,208033,251593276,0,eth0
2022-05-05 05:06:39.677421+00:00,0,1472653,71088345,15,0,208042,251597424,0,eth0
2022-05-05 05:06:54.679896+00:00,0,1472669,71089286,15,0,208055,251602937,0,eth0
2022-05-05 05:07:09.682366+00:00,0,1472683,71090100,15,0,208065,251607145,0,eth0
2022-05-05 05:07:24.675653+00:00,0,1472698,71090995,15,0,208077,251612646,0,eth0
2022-05-05 05:07:39.713384+00:00,0,1472712,71091809,15,0,208087,251616867,0,eth0
2022-05-05 05:07:54.696903+00:00,0,1472728,71092750,15,0,208100,251622393,0,eth0
2022-05-05 05:08:09.687710+00:00,0,1472741,71093518,15,0,208109,251626571,0,eth0
2022-05-05 05:08:24.693084+00:00,0,1472758,71094511,15,0,208122,251632121,0,eth0
2022-05-05 05:08:39.664032+00:00,0,1472771,71095279,15,0,208131,251636277,0,eth0
2022-05-05 05:08:54.686015+00:00,0,1472787,71096220,15,0,208144,251641796,0,eth0
2022-05-05 05:09:09.694307+00:00,0,1472801,71097034,15,0,208154,251645976,0,eth0
2022-05-05 05:09:24.676508+00:00,0,1472816,71097929,15,0,208166,251651446,0,eth0
2022-05-05 05:09:39.675266+00:00,0,1472830,71098743,15,0,208176,251655631,0,eth0
2022-05-05 05:09:54.662620+00:00,0,1472846,71099684,15,0,208189,251661165,0,eth0
2022-05-05 05:10:09.675815+00:00,0,1472859,71100452,15,0,208198,251665294,0,eth0
2022-05-05 05:10:24.686778+00:00,0,1472875,71101393,15,0,208211,251670830,0,eth0
2022-05-05 05:10:39.689650+00:00,0,1472888,71102161,15,0,208220,251674977,0,eth0
2022-05-05 05:10:54.667001+00:00,0,1472905,71103154,15,0,208233,251680540,0,eth0
2022-05-05 05:11:09.701954+00:00,0,1472919,71103968,15,0,208243,251684793,0,eth0
2022-05-05 05:11:24.670172+00:00,0,1472934,71104863,15,0,208255,251690282,0,eth0
2022-05-05 05:11:39.670354+00:00,0,1472948,71105677,15,0,208265,251694460,0,eth0
2022-05-05 05:11:54.678179+00:00,0,1472964,71106624,15,0,208277,251699956,0,eth0
2022-05-05 05:12:09.671021+00:00,0,1472978,71107438,15,0,208287,251704115,0,eth0
2022-05-05 05:12:24.682674+00:00,0,1472994,71108379,15,0,208300,251709623,0,eth0
2022-05-05 05:12:39.667039+00:00,0,1473007,71109147,15,0,208309,251713824,0,eth0
2022-05-05 05:12:54.681775+00:00,0,1473023,71110088,15,0,208322,251719340,0,eth0
2022-05-05 05:13:09.672984+00:00,0,1473036,71110856,15,0,208331,251723493,0,eth0
2022-05-05 05:13:24.689996+00:00,0,1473051,71111751,15,0,208343,251728968,0,eth0
2022-05-05 05:13:39.666011+00:00,0,1473065,71112565,15,0,208353,251733169,0,eth0
2022-05-05 05:13:54.656049+00:00,0,1473080,71113460,15,0,208365,251738654,0,eth0
2022-05-05 05:14:09.659323+00:00,0,1473093,71114228,15,0,208374,251742800,0,eth0
2022-05-05 05:14:24.671769+00:00,0,1473109,71115169,15,0,208387,251748337,0,eth0
2022-05-05 05:14:39.694668+00:00,0,1473122,71115937,15,0,208396,251752467,0,eth0
2022-05-05 05:14:54.673684+00:00,0,1473137,71116832,15,0,208408,251757938,0,eth0
2022-05-05 05:15:09.666637+00:00,0,1473151,71117646,15,0,208418,251762135,0,eth0
2022-05-05 05:15:24.673044+00:00,0,1473166,71118541,15,0,208430,251767648,0,eth0
2022-05-05 05:15:39.676188+00:00,0,1473179,71119309,15,0,208439,251771790,0,eth0
2022-05-05 05:20:24.657202+00:00,0,1473456,71135649,15,0,208647,251864333,0,eth0
2022-05-05 05:20:39.660968+00:00,0,1473470,71136463,15,0,208657,251868535,0,eth0
2022-05-05 05:20:54.661798+00:00,0,1473486,71137404,15,0,208670,251874100,0,eth0
2022-05-05 05:21:09.667435+00:00,0,1473499,71138172,15,0,208679,251878233,0,eth0
2022-05-05 05:21:24.664106+00:00,0,1473515,71139113,15,0,208692,251883755,0,eth0
2022-05-05 05:21:39.722554+00:00,0,1473528,71139881,15,0,208701,251887888,0,eth0
2022-05-05 05:21:54.655894+00:00,0,1473544,71140822,15,0,208714,251893422,0,eth0
2022-05-05 05:22:09.655227+00:00,0,1473557,71141590,15,0,208723,251897574,0,eth0
2022-05-05 05:22:24.656675+00:00,0,1473573,71142531,15,0,208736,251903113,0,eth0
2022-05-05 05:22:39.660743+00:00,0,1473586,71143299,15,0,208745,251907242,0,eth0
2022-05-05 05:22:54.696454+00:00,0,1473601,71144194,15,0,208757,251912742,0,eth0
2022-05-05 05:23:09.656388+00:00,0,1473617,71145472,15,0,208770,251917190,0,eth0
2022-05-05 05:23:24.666202+00:00,0,1473633,71146413,15,0,208785,251922950,0,eth0
2022-05-05 05:23:39.651479+00:00,0,1473646,71147181,15,0,208795,251927178,0,eth0
2022-05-05 05:23:54.644758+00:00,0,1473662,71148122,15,0,208808,251932745,0,eth0
2022-05-05 05:24:09.670053+00:00,0,1473675,71148890,15,0,208817,251936916,0,eth0
2022-05-05 05:24:24.666049+00:00,0,1473691,71149831,15,0,208830,251942437,0,eth0
2022-05-05 05:24:39.653713+00:00,0,1473704,71150599,15,0,208839,251946565,0,eth0
2022-05-05 05:24:54.653524+00:00,0,1473720,71151540,15,0,208852,251952091,0,eth0
2022-05-05 05:25:09.639774+00:00,0,1473733,71152308,15,0,208861,251956239,0,eth0
2022-05-05 05:25:24.658402+00:00,0,1473749,71153255,15,0,208873,251961749,0,eth0
2022-05-05 05:25:39.670635+00:00,0,1473763,71154069,15,0,208883,251965956,0,eth0
2022-05-05 05:25:54.648315+00:00,0,1473779,71155010,15,0,208896,251971471,0,eth0
2022-05-05 05:26:09.650601+00:00,0,1473792,71155778,15,0,208905,251975595,0,eth0
2022-05-05 05:26:24.636592+00:00,0,1473808,71156719,15,0,208918,251981143,0,eth0
2022-05-05 05:26:39.639414+00:00,0,1473821,71157487,15,0,208927,251985311,0,eth0
2022-05-05 05:26:54.666193+00:00,0,1473838,71158480,15,0,208940,251990842,0,eth0
2022-05-05 05:27:09.668693+00:00,0,1473851,71159248,15,0,208949,251994979,0,eth0
2022-05-05 05:27:24.640278+00:00,0,1473867,71160189,15,0,208962,252000492,0,eth0
2022-05-05 05:27:39.635292+00:00,0,1473880,71160957,15,0,208971,252004657,0,eth0
2022-05-05 05:27:54.646383+00:00,0,1473897,71161950,15,0,208984,252010231,0,eth0
2022-05-05 05:28:09.644819+00:00,0,1473910,71162718,15,0,208993,252014373,0,eth0
2022-05-05 05:28:24.650172+00:00,0,1473927,71163711,15,0,209006,252019902,0,eth0
2022-05-05 05:28:39.650652+00:00,0,1473940,71164479,15,0,209015,252024085,0,eth0
2022-05-05 05:28:54.632569+00:00,0,1473955,71165374,15,0,209027,252029564,0,eth0
2022-05-05 05:29:09.657755+00:00,0,1473969,71166188,15,0,209037,252033746,0,eth0
2022-05-05 05:29:24.646135+00:00,0,1473985,71167135,15,0,209049,252039259,0,eth0
2022-05-05 05:29:39.683720+00:00,0,1473999,71167949,15,0,209059,252043458,0,eth0
2022-05-05 05:29:54.653135+00:00,0,1474015,71168896,15,0,209071,252048990,0,eth0
2022-05-05 05:30:09.661117+00:00,0,1474028,71169664,15,0,209080,252053160,0,eth0
2022-05-05 05:30:24.642530+00:00,0,1474045,71170657,15,0,209093,252058705,0,eth0
2022-05-05 05:30:39.641680+00:00,0,1474058,71171425,15,0,209102,252062872,0,eth0
2022-05-05 05:30:54.655098+00:00,0,1474074,71172366,15,0,209115,252068374,0,eth0
2022-05-05 05:31:09.656381+00:00,0,1474087,71173134,15,0,209124,252072521,0,eth0
2022-05-05 05:31:24.646875+00:00,0,1474103,71174075,15,0,209137,252078047,0,eth0
2022-05-05 05:31:39.642596+00:00,0,1474116,71174843,15,0,209146,252082193,0,eth0
2022-05-05 05:31:54.656787+00:00,0,1474133,71175836,15,0,209159,252087753,0,eth0
2022-05-05 05:32:09.639529+00:00,0,1474146,71176604,15,0,209168,252091860,0,eth0
2022-05-05 05:32:24.656181+00:00,0,1474161,71177499,15,0,209180,252097331,0,eth0
2022-05-05 05:32:39.695248+00:00,0,1474175,71178313,15,0,209190,252101519,0,eth0
2022-05-05 05:32:54.639412+00:00,0,1474191,71179260,15,0,209202,252107055,0,eth0
2022-05-05 05:33:09.648951+00:00,0,1474205,71180074,15,0,209212,252111274,0,eth0
2022-05-05 05:33:24.636888+00:00,0,1474220,71180969,15,0,209224,252116751,0,eth0
2022-05-05 05:33:39.640209+00:00,0,1474233,71181737,15,0,209233,252120883,0,eth0
2022-05-05 05:33:54.646849+00:00,0,1474250,71182730,15,0,209246,252126436,0,eth0
2022-05-05 05:34:09.639761+00:00,0,1474264,71183544,15,0,209256,252130638,0,eth0
2022-05-05 05:34:24.647425+00:00,0,1474280,71184491,15,0,209268,252136153,0,eth0
2022-05-05 05:34:39.626343+00:00,0,1474294,71185305,15,0,209278,252140355,0,eth0
2022-05-05 05:34:54.635107+00:00,0,1474310,71186246,15,0,209291,252145896,0,eth0
2022-05-05 05:35:09.652538+00:00,0,1474323,71187014,15,0,209300,252150045,0,eth0
2022-05-05 05:35:24.647384+00:00,0,1474339,71187955,15,0,209313,252155576,0,eth0
2022-05-05 05:35:39.638632+00:00,0,1474353,71188769,15,0,209323,252159765,0,eth0
2022-05-05 05:35:54.647510+00:00,0,1474368,71189664,15,0,209335,252165244,0,eth0
2022-05-05 05:36:09.648020+00:00,0,1474382,71190478,15,0,209345,252169467,0,eth0
2022-05-05 05:36:24.650092+00:00,0,1474397,71191373,15,0,209357,252174902,0,eth0
2022-05-05 05:36:39.635687+00:00,0,1474411,71192187,15,0,209367,252179126,0,eth0
2022-05-05 05:36:54.631127+00:00,0,1474427,71193128,15,0,209380,252184642,0,eth0
2022-05-05 05:37:09.631149+00:00,0,1474440,71193896,15,0,209389,252188800,0,eth0
2022-05-05 05:37:24.633145+00:00,0,1474456,71194837,15,0,209402,252194367,0,eth0
2022-05-05 05:37:39.632325+00:00,0,1474470,71195651,15,0,209412,252198565,0,eth0
2022-05-05 05:37:54.661299+00:00,0,1474486,71196598,15,0,209424,252204077,0,eth0
2022-05-05 05:38:09.640378+00:00,0,1474500,71197412,15,0,209434,252208285,0,eth0
2022-05-05 05:38:24.622435+00:00,0,1474516,71198353,15,0,209447,252213797,0,eth0
2022-05-05 05:38:39.620785+00:00,0,1474529,71199121,15,0,209456,252217961,0,eth0
2022-05-05 05:38:54.630112+00:00,0,1474545,71200068,15,0,209468,252223458,0,eth0
2022-05-05 05:39:09.641127+00:00,0,1474559,71200882,15,0,209478,252227635,0,eth0
2022-05-05 05:39:24.646315+00:00,0,1474575,71201829,15,0,209490,252233118,0,eth0
2022-05-05 05:39:39.627644+00:00,0,1474588,71202597,15,0,209499,252237251,0,eth0
2022-05-05 05:39:54.634591+00:00,0,1474603,71203492,15,0,209511,252242752,0,eth0
2022-05-05 05:40:09.634456+00:00,0,1474617,71204306,15,0,209521,252246912,0,eth0
2022-05-05 05:40:24.625707+00:00,0,1474632,71205201,15,0,209533,252252406,0,eth0
2022-05-05 05:40:39.651936+00:00,0,1474645,71205969,15,0,209542,252256527,0,eth0
2022-05-05 05:40:54.619658+00:00,0,1474661,71206910,15,0,209555,252262021,0,eth0
2022-05-05 05:41:09.643751+00:00,0,1474674,71207678,15,0,209564,252266167,0,eth0
2022-05-05 05:41:24.630777+00:00,0,1474690,71208625,15,0,209576,252271706,0,eth0
2022-05-05 05:41:39.624022+00:00,0,1474704,71209439,15,0,209586,252275911,0,eth0
2022-05-05 05:41:54.626461+00:00,0,1474719,71210334,15,0,209598,252281396,0,eth0
2022-05-05 05:42:09.636813+00:00,0,1474732,71211102,15,0,209607,252285545,0,eth0
2022-05-05 05:42:24.628875+00:00,0,1474748,71212043,15,0,209620,252291072,0,eth0
2022-05-05 05:42:39.622793+00:00,0,1474761,71212811,15,0,209629,252295253,0,eth0
2022-05-05 05:47:24.644999+00:00,0,1475040,71229711,15,0,209868,252390077,0,eth0
2022-05-05 05:47:39.634318+00:00,0,1475053,71230479,15,0,209878,252394334,0,eth0
2022-05-05 05:47:54.615184+00:00,0,1475069,71231420,15,0,209892,252399936,0,eth0
2022-05-05 05:48:09.620125+00:00,0,1475082,71232188,15,0,209901,252404096,0,eth0
2022-05-05 05:48:24.622492+00:00,0,1475099,71233181,15,0,209914,252409643,0,eth0
2022-05-05 05:48:39.614106+00:00,0,1475112,71233949,15,0,209923,252413769,0,eth0
2022-05-05 05:48:54.634313+00:00,0,1475127,71234844,15,0,209935,252419275,0,eth0
2022-05-05 05:49:09.605628+00:00,0,1475141,71235658,15,0,209945,252423453,0,eth0
2022-05-05 05:49:24.612905+00:00,0,1475156,71236553,15,0,209957,252428951,0,eth0
2022-05-05 05:49:39.603654+00:00,0,1475170,71237367,15,0,209967,252433112,0,eth0
2022-05-05 05:49:54.615163+00:00,0,1475185,71238262,15,0,209979,252438596,0,eth0
2022-05-05 05:50:09.634898+00:00,0,1475199,71239076,15,0,209989,252442808,0,eth0
2022-05-05 05:50:24.633892+00:00,0,1475214,71239971,15,0,210001,252448271,0,eth0
2022-05-05 05:50:39.610189+00:00,0,1475228,71240785,15,0,210011,252452481,0,eth0
2022-05-05 05:50:54.611234+00:00,0,1475244,71241732,15,0,210023,252457998,0,eth0
2022-05-05 05:51:09.610506+00:00,0,1475258,71242546,15,0,210033,252462152,0,eth0
2022-05-05 05:51:24.609297+00:00,0,1475274,71243493,15,0,210045,252467649,0,eth0
2022-05-05 05:51:39.626905+00:00,0,1475288,71244307,15,0,210055,252471814,0,eth0
2022-05-05 05:51:54.617364+00:00,0,1475303,71245202,15,0,210067,252477301,0,eth0
2022-05-05 05:52:09.607457+00:00,0,1475317,71246016,15,0,210077,252481538,0,eth0
2022-05-05 05:52:24.618531+00:00,0,1475332,71246911,15,0,210089,252487029,0,eth0
2022-05-05 05:52:39.612212+00:00,0,1475346,71247725,15,0,210099,252491213,0,eth0
2022-05-05 05:52:54.609673+00:00,0,1475361,71248620,15,0,210111,252496707,0,eth0
2022-05-05 05:53:09.611849+00:00,0,1475375,71249434,15,0,210121,252500932,0,eth0
2022-05-05 05:53:24.604489+00:00,0,1475390,71250329,15,0,210133,252506440,0,eth0
2022-05-05 05:53:39.609856+00:00,0,1475404,71251143,15,0,210143,252510647,0,eth0
2022-05-05 05:53:54.600476+00:00,0,1475419,71252038,15,0,210155,252516150,0,eth0
2022-05-05 05:54:09.608582+00:00,0,1475433,71252852,15,0,210165,252520358,0,eth0
2022-05-05 05:54:24.617165+00:00,0,1475448,71253747,15,0,210177,252525834,0,eth0
2022-05-05 05:54:39.605618+00:00,0,1475462,71254561,15,0,210187,252530005,0,eth0
2022-05-05 05:54:54.606601+00:00,0,1475478,71255508,15,0,210199,252535492,0,eth0
2022-05-05 05:55:09.607452+00:00,0,1475491,71256276,15,0,210208,252539639,0,eth0
2022-05-05 05:55:24.602676+00:00,0,1475507,71257217,15,0,210221,252545157,0,eth0
2022-05-05 05:55:39.619765+00:00,0,1475520,71257985,15,0,210230,252549296,0,eth0
2022-05-05 05:55:54.629520+00:00,0,1475536,71258932,15,0,210242,252554804,0,eth0
2022-05-05 05:56:09.601604+00:00,0,1475550,71259746,15,0,210252,252558994,0,eth0
2022-05-05 05:56:24.606942+00:00,0,1475566,71260693,15,0,210264,252564472,0,eth0
2022-05-05 05:56:39.612614+00:00,0,1475580,71261507,15,0,210274,252568670,0,eth0
2022-05-05 05:56:54.628039+00:00,0,1475595,71262402,15,0,210286,252574165,0,eth0
2022-05-05 05:57:09.626777+00:00,0,1475608,71263170,15,0,210295,252578301,0,eth0
2022-05-05 05:57:24.608652+00:00,0,1475625,71264163,15,0,210308,252583863,0,eth0
2022-05-05 05:57:39.604532+00:00,0,1475638,71264931,15,0,210317,252588007,0,eth0
2022-05-05 05:57:54.600941+00:00,0,1475656,71266336,15,0,210333,252593775,0,eth0
2022-05-05 05:58:09.588666+00:00,0,1475669,71267104,15,0,210344,252598121,0,eth0
2022-05-05 05:58:24.632005+00:00,0,1475684,71267999,15,0,210357,252603663,0,eth0
2022-05-05 05:58:39.607198+00:00,0,1475698,71268813,15,0,210367,252607892,0,eth0
2022-05-05 05:58:54.602142+00:00,0,1475714,71269760,15,0,210379,252613368,0,eth0
2022-05-05 05:59:09.599576+00:00,0,1475727,71270528,15,0,210388,252617548,0,eth0
2022-05-05 05:59:24.597464+00:00,0,1475743,71271469,15,0,210401,252623089,0,eth0
2022-05-05 05:59:39.596171+00:00,0,1475756,71272237,15,0,210410,252627216,0,eth0
2022-05-05 05:59:54.632049+00:00,0,1475771,71273132,15,0,210422,252632685,0,eth0
2022-05-05 06:00:09.596316+00:00,0,1475785,71273946,15,0,210432,252636868,0,eth0
2022-05-05 06:00:24.605090+00:00,0,1475800,71274841,15,0,210444,252642343,0,eth0
2022-05-05 06:00:39.585429+00:00,0,1475813,71275609,15,0,210453,252646466,0,eth0
2022-05-05 06:00:54.584570+00:00,0,1475828,71276504,15,0,210465,252651920,0,eth0
2022-05-05 06:01:09.656137+00:00,0,1475842,71277318,15,0,210475,252656120,0,eth0
2022-05-05 06:01:24.609746+00:00,0,1475858,71278265,15,0,210487,252661627,0,eth0
2022-05-05 06:01:39.593862+00:00,0,1475871,71279033,15,0,210496,252665756,0,eth0
2022-05-05 06:01:54.593854+00:00,0,1475887,71279974,15,0,210509,252671320,0,eth0
2022-05-05 06:02:09.629875+00:00,0,1475900,71280742,15,0,210518,252675454,0,eth0
2022-05-05 06:02:24.592717+00:00,0,1475916,71281689,15,0,210530,252680941,0,eth0
2022-05-05 06:02:39.607485+00:00,0,1475930,71282503,15,0,210540,252685116,0,eth0
2022-05-05 06:02:54.592143+00:00,0,1475946,71283450,15,0,210552,252690610,0,eth0
2022-05-05 06:03:09.592108+00:00,0,1475959,71284218,15,0,210561,252694749,0,eth0
2022-05-05 06:03:24.584853+00:00,0,1475974,71285113,15,0,210573,252700211,0,eth0
2022-05-05 06:03:39.600759+00:00,0,1475988,71285927,15,0,210583,252704417,0,eth0
2022-05-05 06:03:54.610157+00:00,0,1476003,71286822,15,0,210595,252709949,0,eth0
2022-05-05 06:04:09.608181+00:00,0,1476016,71287590,15,0,210604,252714075,0,eth0
2022-05-05 06:04:24.604779+00:00,0,1476033,71288583,15,0,210617,252719624,0,eth0
2022-05-05 06:04:39.603057+00:00,0,1476046,71289351,15,0,210626,252723745,0,eth0
2022-05-05 06:04:54.605153+00:00,0,1476061,71290246,15,0,210638,252729207,0,eth0
2022-05-05 06:05:09.589449+00:00,0,1476075,71291060,15,0,210648,252733371,0,eth0
2022-05-05 06:05:24.602312+00:00,0,1476091,71292007,15,0,210660,252738882,0,eth0
2022-05-05 06:05:39.600746+00:00,0,1476105,71292821,15,0,210670,252743066,0,eth0
2022-05-05 06:05:54.594590+00:00,0,1476121,71293762,15,0,210683,252748584,0,eth0
2022-05-05 06:06:09.589229+00:00,0,1476134,71294530,15,0,210692,252752736,0,eth0
2022-05-05 06:06:24.586952+00:00,0,1476150,71295471,15,0,210705,252758296,0,eth0
2022-05-05 06:06:39.591735+00:00,0,1476163,71296239,15,0,210715,252762504,0,eth0
2022-05-05 06:06:54.601005+00:00,0,1476179,71297180,15,0,210728,252768063,0,eth0
2022-05-05 06:07:09.585329+00:00,0,1476193,71297994,15,0,210738,252772293,0,eth0
2022-05-05 06:07:24.587808+00:00,0,1476209,71298941,15,0,210750,252777782,0,eth0
2022-05-05 06:07:39.584989+00:00,0,1476223,71299755,15,0,210760,252781953,0,eth0
2022-05-05 06:07:54.592162+00:00,0,1476239,71300702,15,0,210772,252787474,0,eth0
2022-05-05 06:08:09.610312+00:00,0,1476253,71301516,15,0,210782,252791655,0,eth0
2022-05-05 06:08:24.583775+00:00,0,1476270,71302509,15,0,210795,252797186,0,eth0
2022-05-05 06:08:39.587166+00:00,0,1476283,71303277,15,0,210804,252801359,0,eth0
2022-05-05 06:08:54.590291+00:00,0,1476299,71304218,15,0,210817,252806902,0,eth0
2022-05-05 06:09:09.572425+00:00,0,1476312,71304986,15,0,210826,252811095,0,eth0
2022-05-05 06:09:24.590863+00:00,0,1476328,71305927,15,0,210839,252816618,0,eth0
2022-05-05 06:09:39.628644+00:00,0,1476343,71306805,15,0,210850,252821004,0,eth0
2022-05-05 06:13:54.577687+00:00,0,1476590,71321384,15,0,211036,252903763,0,eth0
2022-05-05 06:14:09.574929+00:00,0,1476604,71322198,15,0,211046,252907939,0,eth0
2022-05-05 06:14:24.576596+00:00,0,1476620,71323145,15,0,211058,252913496,0,eth0
2022-05-05 06:14:39.582529+00:00,0,1476634,71323959,15,0,211068,252917694,0,eth0
2022-05-05 06:14:54.591085+00:00,0,1476649,71324854,15,0,211080,252923180,0,eth0
2022-05-05 06:15:09.594789+00:00,0,1476662,71325622,15,0,211089,252927343,0,eth0
2022-05-05 06:15:24.578151+00:00,0,1476678,71326563,15,0,211102,252932842,0,eth0
2022-05-05 06:15:39.579274+00:00,0,1476691,71327331,15,0,211111,252936999,0,eth0
2022-05-05 06:15:54.574369+00:00,0,1476706,71328226,15,0,211123,252942486,0,eth0
2022-05-05 06:16:09.599726+00:00,0,1476720,71329040,15,0,211133,252946664,0,eth0
2022-05-05 06:16:24.588235+00:00,0,1476735,71329935,15,0,211145,252952151,0,eth0
2022-05-05 06:16:39.575864+00:00,0,1476749,71330749,15,0,211155,252956331,0,eth0
2022-05-05 06:16:54.570091+00:00,0,1476764,71331644,15,0,211167,252961802,0,eth0
2022-05-05 06:17:09.576107+00:00,0,1476777,71332412,15,0,211176,252965963,0,eth0
2022-05-05 06:17:24.583278+00:00,0,1476794,71333405,15,0,211189,252971511,0,eth0
2022-05-05 06:17:39.579689+00:00,0,1476807,71334173,15,0,211198,252975656,0,eth0
2022-05-05 06:17:54.591938+00:00,0,1476823,71335120,15,0,211210,252981168,0,eth0
2022-05-05 06:18:09.581207+00:00,0,1476837,71335934,15,0,211220,252985356,0,eth0
2022-05-05 06:18:24.568081+00:00,0,1476852,71336829,15,0,211232,252990856,0,eth0
2022-05-05 06:18:39.572880+00:00,0,1476865,71337597,15,0,211241,252995022,0,eth0
2022-05-05 06:18:54.572737+00:00,0,1476881,71338538,15,0,211254,253000575,0,eth0
2022-05-05 06:19:09.588162+00:00,0,1476894,71339306,15,0,211263,253004741,0,eth0
2022-05-05 06:19:24.566741+00:00,0,1476909,71340201,15,0,211275,253010204,0,eth0
2022-05-05 06:19:39.556373+00:00,0,1476923,71341015,15,0,211285,253014399,0,eth0
2022-05-05 06:19:54.566647+00:00,0,1476939,71341962,15,0,211297,253019906,0,eth0
2022-05-05 06:20:09.568106+00:00,0,1476952,71342730,15,0,211306,253024115,0,eth0
2022-05-05 06:20:24.603428+00:00,0,1476968,71343671,15,0,211319,253029631,0,eth0
2022-05-05 06:20:39.583201+00:00,0,1476981,71344439,15,0,211328,253033786,0,eth0
2022-05-05 06:20:54.559481+00:00,0,1476996,71345334,15,0,211340,253039250,0,eth0
2022-05-05 06:21:09.570038+00:00,0,1477010,71346148,15,0,211350,253043416,0,eth0
2022-05-05 06:21:24.559775+00:00,0,1477025,71347043,15,0,211362,253048888,0,eth0
2022-05-05 06:21:39.555211+00:00,0,1477038,71347811,15,0,211371,253053039,0,eth0
2022-05-05 06:21:54.582208+00:00,0,1477055,71348804,15,0,211384,253058576,0,eth0
2022-05-05 06:22:09.564047+00:00,0,1477068,71349572,15,0,211393,253062740,0,eth0
2022-05-05 06:22:24.567776+00:00,0,1477083,71350467,15,0,211405,253068210,0,eth0
2022-05-05 06:22:39.564844+00:00,0,1477097,71351281,15,0,211415,253072404,0,eth0
2022-05-05 06:22:54.561538+00:00,0,1477112,71352176,15,0,211427,253077901,0,eth0
2022-05-05 06:23:09.576670+00:00,0,1477125,71352944,15,0,211436,253082056,0,eth0
2022-05-05 06:23:24.578202+00:00,0,1477141,71353885,15,0,211449,253087619,0,eth0
2022-05-05 06:23:39.560376+00:00,0,1477154,71354653,15,0,211458,253091775,0,eth0
2022-05-05 06:23:54.559372+00:00,0,1477170,71355600,15,0,211470,253097267,0,eth0
2022-05-05 06:24:09.560471+00:00,0,1477184,71356414,15,0,211480,253101402,0,eth0
2022-05-05 06:24:24.559134+00:00,0,1477200,71357361,15,0,211492,253106905,0,eth0
2022-05-05 06:24:39.603236+00:00,0,1477213,71358129,15,0,211501,253111069,0,eth0
2022-05-05 06:24:54.547134+00:00,0,1477230,71359122,15,0,211514,253116652,0,eth0
2022-05-05 06:25:09.557663+00:00,0,1477243,71359890,15,0,211523,253120831,0,eth0
2022-05-05 06:25:24.563120+00:00,0,1477258,71360785,15,0,211535,253126280,0,eth0
2022-05-05 06:25:39.557988+00:00,0,1477272,71361599,15,0,211545,253130437,0,eth0
2022-05-05 06:25:54.580494+00:00,0,1477287,71362494,15,0,211557,253135899,0,eth0
2022-05-05 06:26:09.576958+00:00,0,1477301,71363308,15,0,211567,253140054,0,eth0
2022-05-05 06:26:24.558370+00:00,0,1477317,71364255,15,0,211579,253145577,0,eth0
2022-05-05 06:26:39.562281+00:00,0,1477331,71365069,15,0,211589,253149757,0,eth0
2022-05-05 06:26:54.555397+00:00,0,1477346,71365964,15,0,211601,253155234,0,eth0
2022-05-05 06:27:09.558674+00:00,0,1477360,71366778,15,0,211611,253159422,0,eth0
2022-05-05 06:27:24.568976+00:00,0,1477375,71367673,15,0,211623,253164901,0,eth0
2022-05-05 06:27:39.556056+00:00,0,1477389,71368487,15,0,211633,253169087,0,eth0
2022-05-05 06:27:54.561174+00:00,0,1477404,71369382,15,0,211645,253174553,0,eth0
2022-05-05 06:28:09.555788+00:00,0,1477418,71370196,15,0,211655,253178782,0,eth0
2022-05-05 06:28:24.556138+00:00,0,1477434,71371143,15,0,211667,253184313,0,eth0
2022-05-05 06:28:39.567148+00:00,0,1477448,71371957,15,0,211677,253188498,0,eth0
2022-05-05 06:28:54.558141+00:00,0,1477463,71372852,15,0,211689,253193997,0,eth0
2022-05-05 06:29:09.551595+00:00,0,1477477,71373666,15,0,211699,253198179,0,eth0
2022-05-05 06:29:24.553194+00:00,0,1477492,71374561,15,0,211711,253203672,0,eth0
2022-05-05 06:29:39.560098+00:00,0,1477506,71375375,15,0,211721,253207868,0,eth0
2022-05-05 06:29:54.551458+00:00,0,1477521,71376270,15,0,211733,253213347,0,eth0
2022-05-05 06:30:09.565109+00:00,0,1477535,71377084,15,0,211743,253217567,0,eth0
2022-05-05 06:30:24.550221+00:00,0,1477550,71377979,15,0,211755,253223016,0,eth0
2022-05-05 06:30:39.560542+00:00,0,1477564,71378793,15,0,211765,253227234,0,eth0
2022-05-05 06:30:54.556961+00:00,0,1477579,71379688,15,0,211777,253232755,0,eth0
2022-05-05 06:31:09.548330+00:00,0,1477592,71380456,15,0,211786,253236900,0,eth0
2022-05-05 06:31:24.556845+00:00,0,1477608,71381397,15,0,211799,253242436,0,eth0
2022-05-05 06:31:39.548015+00:00,0,1477621,71382165,15,0,211808,253246590,0,eth0
2022-05-05 06:31:54.547242+00:00,0,1477638,71383158,15,0,211821,253252110,0,eth0
2022-05-05 06:32:09.558483+00:00,0,1477651,71383926,15,0,211830,253256237,0,eth0
2022-05-05 06:32:24.548909+00:00,0,1477667,71384873,15,0,211842,253261741,0,eth0
2022-05-05 06:32:39.555020+00:00,0,1477683,71386151,15,0,211855,253266165,0,eth0
2022-05-05 06:32:54.561641+00:00,0,1477698,71387046,15,0,211868,253271762,0,eth0
2022-05-05 06:33:09.553419+00:00,0,1477712,71387860,15,0,211880,253276168,0,eth0
2022-05-05 06:33:24.544342+00:00,0,1477727,71388755,15,0,211892,253281643,0,eth0
2022-05-05 06:33:39.544323+00:00,0,1477740,71389523,15,0,211901,253285797,0,eth0
2022-05-05 06:33:54.540203+00:00,0,1477757,71390516,15,0,211914,253291326,0,eth0
2022-05-05 06:34:09.556880+00:00,0,1477770,71391284,15,0,211923,253295464,0,eth0
2022-05-05 06:34:24.561103+00:00,0,1477786,71392225,15,0,211936,253300999,0,eth0
2022-05-05 06:34:39.545602+00:00,0,1477799,71392993,15,0,211945,253305137,0,eth0
2022-05-05 06:34:54.553022+00:00,0,1477814,71393888,15,0,211957,253310603,0,eth0
2022-05-05 06:35:09.546161+00:00,0,1477828,71394702,15,0,211967,253314771,0,eth0
2022-05-05 06:35:24.556438+00:00,0,1477843,71395597,15,0,211979,253320232,0,eth0
2022-05-05 06:35:39.560955+00:00,0,1477856,71396365,15,0,211988,253324389,0,eth0
2022-05-05 06:35:54.543057+00:00,0,1477872,71397306,15,0,212001,253329896,0,eth0
2022-05-05 06:39:09.540418+00:00,0,1478058,71408288,15,0,212140,253392117,0,eth0
2022-05-05 06:39:24.543313+00:00,0,1478073,71409183,15,0,212152,253397637,0,eth0
2022-05-05 06:39:39.581223+00:00,0,1478087,71409997,15,0,212162,253401844,0,eth0
2022-05-05 06:39:54.536988+00:00,0,1478104,71410996,15,0,212174,253407315,0,eth0
2022-05-05 06:40:09.537304+00:00,0,1478117,71411764,15,0,212183,253411459,0,eth0
2022-05-05 06:40:24.542336+00:00,0,1478133,71412705,15,0,212196,253416987,0,eth0
2022-05-05 06:40:39.540443+00:00,0,1478146,71413473,15,0,212205,253421120,0,eth0
2022-05-05 06:40:54.538772+00:00,0,1478161,71414368,15,0,212217,253426633,0,eth0
2022-05-05 06:41:09.545656+00:00,0,1478175,71415182,15,0,212227,253430856,0,eth0
2022-05-05 06:41:24.521135+00:00,0,1478191,71416129,15,0,212239,253436346,0,eth0
2022-05-05 06:41:39.541260+00:00,0,1478205,71416943,15,0,212249,253440528,0,eth0
2022-05-05 06:41:54.532336+00:00,0,1478221,71417884,15,0,212262,253446063,0,eth0
2022-05-05 06:42:09.533350+00:00,0,1478234,71418652,15,0,212271,253450169,0,eth0
2022-05-05 06:42:24.546481+00:00,0,1478251,71419645,15,0,212284,253455711,0,eth0
2022-05-05 06:42:39.535376+00:00,0,1478264,71420413,15,0,212293,253459885,0,eth0
2022-05-05 06:42:54.531893+00:00,0,1478280,71421354,15,0,212306,253465428,0,eth0
2022-05-05 06:43:09.531005+00:00,0,1478293,71422122,15,0,212315,253469546,0,eth0
2022-05-05 06:43:24.530132+00:00,0,1478310,71423115,15,0,212328,253475100,0,eth0
2022-05-05 06:43:39.537925+00:00,0,1478323,71423883,15,0,212337,253479245,0,eth0
2022-05-05 06:43:54.549139+00:00,0,1478339,71424824,15,0,212350,253484788,0,eth0
2022-05-05 06:44:09.531576+00:00,0,1478352,71425592,15,0,212359,253488939,0,eth0
2022-05-05 06:44:24.543608+00:00,0,1478368,71426533,15,0,212372,253494454,0,eth0
2022-05-05 06:44:39.527880+00:00,0,1478381,71427301,15,0,212381,253498602,0,eth0
2022-05-05 06:44:54.529574+00:00,0,1478398,71428294,15,0,212394,253504123,0,eth0
2022-05-05 06:45:09.539255+00:00,0,1478411,71429062,15,0,212403,253508272,0,eth0
2022-05-05 06:45:24.526437+00:00,0,1478427,71430003,15,0,212416,253513787,0,eth0
2022-05-05 06:45:39.537431+00:00,0,1478440,71430771,15,0,212425,253517948,0,eth0
2022-05-05 06:45:54.533867+00:00,0,1478455,71431666,15,0,212437,253523450,0,eth0
2022-05-05 06:46:09.530770+00:00,0,1478469,71432480,15,0,212447,253527636,0,eth0
2022-05-05 06:46:24.549017+00:00,0,1478484,71433375,15,0,212459,253533118,0,eth0
2022-05-05 06:46:39.529000+00:00,0,1478497,71434143,15,0,212468,253537274,0,eth0
2022-05-05 06:46:54.512940+00:00,0,1478514,71435136,15,0,212481,253542879,0,eth0
2022-05-05 06:47:09.525156+00:00,0,1478527,71435904,15,0,212490,253547011,0,eth0
2022-05-05 06:47:24.521721+00:00,0,1478544,71436897,15,0,212503,253552578,0,eth0
2022-05-05 06:47:39.523364+00:00,0,1478557,71437665,15,0,212512,253556719,0,eth0
2022-05-05 06:47:54.568099+00:00,0,1478572,71438560,15,0,212524,253562194,0,eth0
2022-05-05 06:48:09.524409+00:00,0,1478586,71439374,15,0,212534,253566399,0,eth0
2022-05-05 06:48:24.527064+00:00,0,1478601,71440269,15,0,212546,253571922,0,eth0
2022-05-05 06:48:39.532370+00:00,0,1478614,71441037,15,0,212555,253576055,0,eth0
2022-05-05 06:48:54.520877+00:00,0,1478630,71441978,15,0,212568,253581572,0,eth0
2022-05-05 06:49:09.521339+00:00,0,1478643,71442746,15,0,212577,253585726,0,eth0
2022-05-05 06:49:24.531672+00:00,0,1478659,71443687,15,0,212590,253591259,0,eth0
2022-05-05 06:49:39.513669+00:00,0,1478672,71444455,15,0,212599,253595401,0,eth0
2022-05-05 06:49:54.523540+00:00,0,1478687,71445350,15,0,212611,253600910,0,eth0
2022-05-05 06:50:09.520042+00:00,0,1478701,71446164,15,0,212621,253605099,0,eth0
2022-05-05 06:50:24.532974+00:00,0,1478717,71447111,15,0,212633,253610620,0,eth0
2022-05-05 06:50:39.552869+00:00,0,1478730,71447879,15,0,212642,253614750,0,eth0
2022-05-05 06:50:54.519470+00:00,0,1478746,71448820,15,0,212655,253620257,0,eth0
2022-05-05 06:51:09.528705+00:00,0,1478759,71449588,15,0,212664,253624401,0,eth0
2022-05-05 06:51:24.520484+00:00,0,1478774,71450483,15,0,212676,253629884,0,eth0
2022-05-05 06:51:39.516762+00:00,0,1478788,71451297,15,0,212686,253634116,0,eth0
2022-05-05 06:51:54.528988+00:00,0,1478804,71452244,15,0,212698,253639634,0,eth0
2022-05-05 06:52:09.541726+00:00,0,1478818,71453058,15,0,212708,253643805,0,eth0
2022-05-05 06:52:24.524731+00:00,0,1478834,71454005,15,0,212720,253649325,0,eth0
2022-05-05 06:52:39.517743+00:00,0,1478847,71454773,15,0,212729,253653433,0,eth0
2022-05-05 06:52:54.515917+00:00,0,1478863,71455714,15,0,212742,253658989,0,eth0
2022-05-05 06:53:09.515808+00:00,0,1478876,71456482,15,0,212751,253663132,0,eth0
2022-05-05 06:53:24.533549+00:00,0,1478891,71457377,15,0,212763,253668593,0,eth0
2022-05-05 06:53:39.513145+00:00,0,1478905,71458191,15,0,212773,253672765,0,eth0
2022-05-05 06:53:54.513083+00:00,0,1478921,71459138,15,0,212785,253678276,0,eth0
2022-05-05 06:54:09.513450+00:00,0,1478934,71459906,15,0,212794,253682426,0,eth0
2022-05-05 06:54:24.513056+00:00,0,1478950,71460847,15,0,212807,253687952,0,eth0
2022-05-05 06:54:39.537421+00:00,0,1478963,71461615,15,0,212816,253692107,0,eth0
2022-05-05 06:54:54.528699+00:00,0,1478978,71462510,15,0,212828,253697620,0,eth0
2022-05-05 06:55:09.511272+00:00,0,1478992,71463324,15,0,212838,253701817,0,eth0
2022-05-05 06:55:24.510772+00:00,0,1479007,71464219,15,0,212850,253707296,0,eth0
2022-05-05 06:55:39.511771+00:00,0,1479020,71464987,15,0,212859,253711421,0,eth0
2022-05-05 06:55:54.510329+00:00,0,1479036,71465928,15,0,212872,253716938,0,eth0
2022-05-05 06:56:09.542892+00:00,0,1479049,71466696,15,0,212881,253721079,0,eth0
2022-05-05 06:56:24.515281+00:00,0,1479064,71467591,15,0,212893,253726548,0,eth0
2022-05-05 06:56:39.513785+00:00,0,1479078,71468405,15,0,212903,253730732,0,eth0
2022-05-05 06:56:54.511168+00:00,0,1479094,71469352,15,0,212915,253736255,0,eth0
2022-05-05 06:57:09.500345+00:00,0,1479107,71470120,15,0,212924,253740399,0,eth0
2022-05-05 06:57:24.541763+00:00,0,1479123,71471061,15,0,212937,253745929,0,eth0
2022-05-05 06:57:39.565511+00:00,0,1479136,71471829,15,0,212946,253750095,0,eth0
2022-05-05 06:57:54.509921+00:00,0,1479152,71472776,15,0,212958,253755594,0,eth0
2022-05-05 06:58:09.511611+00:00,0,1479166,71473590,15,0,212968,253759815,0,eth0
2022-05-05 06:58:24.510239+00:00,0,1479182,71474537,15,0,212980,253765318,0,eth0
2022-05-05 06:58:39.506768+00:00,0,1479196,71475351,15,0,212990,253769476,0,eth0
2022-05-05 06:58:54.513958+00:00,0,1479212,71476298,15,0,213002,253774987,0,eth0
2022-05-05 06:59:09.511248+00:00,0,1479225,71477066,15,0,213011,253779123,0,eth0
2022-05-05 06:59:24.506941+00:00,0,1479241,71478007,15,0,213024,253784642,0,eth0
2022-05-05 06:59:39.505459+00:00,0,1479254,71478775,15,0,213033,253788790,0,eth0
2022-05-05 06:59:54.504607+00:00,0,1479269,71479670,15,0,213045,253794315,0,eth0
2022-05-05 07:00:09.525614+00:00,0,1479283,71480484,15,0,213055,253798502,0,eth0
2022-05-05 07:00:24.528372+00:00,0,1479299,71481431,15,0,213067,253804025,0,eth0
2022-05-05 07:00:39.508212+00:00,0,1479312,71482199,15,0,213076,253808179,0,eth0
2022-05-05 07:00:54.506759+00:00,0,1479329,71483192,15,0,213089,253813736,0,eth0
2022-05-05 07:01:09.508421+00:00,0,1479342,71483960,15,0,213098,253817884,0,eth0
2022-05-05 07:01:24.504970+00:00,0,1479358,71484901,15,0,213111,253823431,0,eth0
2022-05-05 07:06:09.498981+00:00,0,1479633,71501102,15,0,213319,253914776,0,eth0
2022-05-05 07:06:24.506784+00:00,0,1479649,71502049,15,0,213331,253920292,0,eth0
2022-05-05 07:06:39.506732+00:00,0,1479663,71502863,15,0,213341,253924511,0,eth0
2022-05-05 07:06:54.501491+00:00,0,1479678,71503758,15,0,213353,253930026,0,eth0
2022-05-05 07:07:09.505745+00:00,0,1479692,71504572,15,0,213363,253934208,0,eth0
2022-05-05 07:07:24.493590+00:00,0,1479708,71505519,15,0,213375,253939728,0,eth0
2022-05-05 07:07:39.489538+00:00,0,1479723,71506751,15,0,213388,253944175,0,eth0
2022-05-05 07:07:54.492864+00:00,0,1479739,71507692,15,0,213402,253949802,0,eth0
2022-05-05 07:08:09.493035+00:00,0,1479752,71508460,15,0,213412,253954048,0,eth0
2022-05-05 07:08:24.508035+00:00,0,1479768,71509401,15,0,213425,253959545,0,eth0
2022-05-05 07:08:39.495328+00:00,0,1479781,71510169,15,0,213434,253963747,0,eth0
2022-05-05 07:08:54.492769+00:00,0,1479797,71511110,15,0,213447,253969291,0,eth0
2022-05-05 07:09:09.498127+00:00,0,1479810,71511878,15,0,213456,253973459,0,eth0
2022-05-05 07:09:24.492398+00:00,0,1479826,71512825,15,0,213468,253978949,0,eth0
2022-05-05 07:09:39.494618+00:00,0,1479840,71513639,15,0,213478,253983159,0,eth0
2022-05-05 07:09:54.495971+00:00,0,1479856,71514586,15,0,213490,253988616,0,eth0
2022-05-05 07:10:09.492623+00:00,0,1479870,71515400,15,0,213500,253992775,0,eth0
2022-05-05 07:10:24.492268+00:00,0,1479885,71516295,15,0,213512,253998236,0,eth0
2022-05-05 07:10:39.488626+00:00,0,1479898,71517063,15,0,213521,254002390,0,eth0
2022-05-05 07:10:54.490902+00:00,0,1479915,71518056,15,0,213534,254007973,0,eth0
2022-05-05 07:11:09.500036+00:00,0,1479928,71518824,15,0,213543,254012112,0,eth0
2022-05-05 07:11:24.487072+00:00,0,1479944,71519765,15,0,213556,254017645,0,eth0
2022-05-05 07:11:39.489934+00:00,0,1479957,71520533,15,0,213565,254021776,0,eth0
2022-05-05 07:11:54.511555+00:00,0,1479974,71521526,15,0,213578,254027318,0,eth0
2022-05-05 07:12:09.500531+00:00,0,1479987,71522294,15,0,213587,254031426,0,eth0
2022-05-05 07:12:24.493185+00:00,0,1480004,71523287,15,0,213600,254036963,0,eth0
2022-05-05 07:12:39.491305+00:00,0,1480017,71524055,15,0,213609,254041099,0,eth0
2022-05-05 07:12:54.490332+00:00,0,1480033,71524996,15,0,213622,254046607,0,eth0
2022-05-05 07:13:09.487802+00:00,0,1480046,71525764,15,0,213631,254050809,0,eth0
2022-05-05 07:13:24.488775+00:00,0,1480062,71526705,15,0,213644,254056345,0,eth0
2022-05-05 07:13:39.483514+00:00,0,1480075,71527473,15,0,213653,254060488,0,eth0
2022-05-05 07:13:54.496315+00:00,0,1480091,71528414,15,0,213666,254066022,0,eth0
2022-05-05 07:14:09.486810+00:00,0,1480104,71529182,15,0,213675,254070137,0,eth0
2022-05-05 07:14:24.481576+00:00,0,1480121,71530175,15,0,213688,254075702,0,eth0
2022-05-05 07:14:39.481952+00:00,0,1480134,71530943,15,0,213697,254079836,0,eth0
2022-05-05 07:14:54.481065+00:00,0,1480150,71531884,15,0,213710,254085400,0,eth0
2022-05-05 07:15:09.502357+00:00,0,1480163,71532652,15,0,213719,254089563,0,eth0
2022-05-05 07:15:24.499703+00:00,0,1480179,71533593,15,0,213732,254095122,0,eth0
2022-05-05 07:15:39.487774+00:00,0,1480192,71534361,15,0,213741,254099297,0,eth0
2022-05-05 07:15:54.480930+00:00,0,1480208,71535302,15,0,213754,254104821,0,eth0
2022-05-05 07:16:09.473759+00:00,0,1480221,71536070,15,0,213763,254108972,0,eth0
2022-05-05 07:16:24.482409+00:00,0,1480237,71537011,15,0,213776,254114469,0,eth0
2022-05-05 07:16:39.539643+00:00,0,1480250,71537779,15,0,213785,254118629,0,eth0
2022-05-05 07:16:54.486683+00:00,0,1480267,71538772,15,0,213798,254124187,0,eth0
2022-05-05 07:17:09.472121+00:00,0,1480280,71539540,15,0,213807,254128366,0,eth0
2022-05-05 07:17:24.481348+00:00,0,1480296,71540481,15,0,213820,254133849,0,eth0
2022-05-05 07:17:39.477744+00:00,0,1480309,71541249,15,0,213829,254138005,0,eth0
2022-05-05 07:17:54.496368+00:00,0,1480325,71542190,15,0,213842,254143544,0,eth0
2022-05-05 07:18:09.510366+00:00,0,1480338,71542958,15,0,213851,254147666,0,eth0
2022-05-05 07:18:24.482420+00:00,0,1480354,71543899,15,0,213864,254153183,0,eth0
2022-05-05 07:18:39.479811+00:00,0,1480367,71544667,15,0,213873,254157319,0,eth0
2022-05-05 07:18:54.480127+00:00,0,1480383,71545608,15,0,213886,254162858,0,eth0
2022-05-05 07:19:09.466689+00:00,0,1480396,71546376,15,0,213895,254166956,0,eth0
2022-05-05 07:19:24.506114+00:00,0,1480412,71547317,15,0,213908,254172488,0,eth0
2022-05-05 07:19:39.474086+00:00,0,1480425,71548085,15,0,213917,254176638,0,eth0
2022-05-05 07:19:54.473358+00:00,0,1480442,71549078,15,0,213930,254182162,0,eth0
2022-05-05 07:20:09.486618+00:00,0,1480455,71549846,15,0,213939,254186324,0,eth0
2022-05-05 07:20:24.472910+00:00,0,1480472,71550839,15,0,213952,254191857,0,eth0
2022-05-05 07:20:39.519819+00:00,0,1480485,71551607,15,0,213961,254195980,0,eth0
2022-05-05 07:20:54.489757+00:00,0,1480502,71552600,15,0,213974,254201544,0,eth0
2022-05-05 07:21:09.461202+00:00,0,1480515,71553368,15,0,213983,254205715,0,eth0
2022-05-05 07:21:24.471509+00:00,0,1480531,71554309,15,0,213996,254211239,0,eth0
2022-05-05 07:21:39.471433+00:00,0,1480544,71555077,15,0,214005,254215354,0,eth0
2022-05-05 07:21:54.474488+00:00,0,1480559,71555972,15,0,214017,254220814,0,eth0
2022-05-05 07:22:09.494364+00:00,0,1480573,71556786,15,0,214027,254225000,0,eth0
2022-05-05 07:22:24.476086+00:00,0,1480588,71557681,15,0,214039,254230506,0,eth0
2022-05-05 07:22:39.479569+00:00,0,1480601,71558449,15,0,214048,254234653,0,eth0
2022-05-05 07:22:54.469872+00:00,0,1480617,71559396,15,0,214060,254240162,0,eth0
2022-05-05 07:23:09.472664+00:00,0,1480631,71560210,15,0,214070,254244344,0,eth0
2022-05-05 07:23:24.503386+00:00,0,1480646,71561105,15,0,214082,254249822,0,eth0
2022-05-05 07:23:39.484982+00:00,0,1480659,71561873,15,0,214091,254253952,0,eth0
2022-05-05 07:23:54.457733+00:00,0,1480676,71562866,15,0,214104,254259505,0,eth0
2022-05-05 07:24:09.470274+00:00,0,1480689,71563634,15,0,214113,254263652,0,eth0
2022-05-05 07:24:24.466575+00:00,0,1480704,71564529,15,0,214125,254269108,0,eth0
2022-05-05 07:24:39.467925+00:00,0,1480717,71565297,15,0,214134,254273228,0,eth0
2022-05-05 07:24:54.476112+00:00,0,1480733,71566238,15,0,214147,254278737,0,eth0
2022-05-05 07:25:09.460587+00:00,0,1480746,71567006,15,0,214156,254282892,0,eth0
2022-05-05 07:25:24.478971+00:00,0,1480761,71567901,15,0,214168,254288364,0,eth0
2022-05-05 07:25:39.468224+00:00,0,1480774,71568669,15,0,214177,254292553,0,eth0
2022-05-05 07:25:54.467811+00:00,0,1480790,71569610,15,0,214190,254298082,0,eth0
2022-05-05 07:26:09.486439+00:00,0,1480803,71570378,15,0,214199,254302246,0,eth0
2022-05-05 07:26:24.479165+00:00,0,1480818,71571273,15,0,214211,254307733,0,eth0
2022-05-05 07:26:39.463530+00:00,0,1480832,71572087,15,0,214221,254311916,0,eth0
2022-05-05 07:26:54.463407+00:00,0,1480848,71573034,15,0,214233,254317405,0,eth0
2022-05-05 07:27:09.467351+00:00,0,1480861,71573802,15,0,214242,254321575,0,eth0
2022-05-05 07:27:24.467481+00:00,0,1480877,71574743,15,0,214255,254327079,0,eth0
2022-05-05 07:27:39.500074+00:00,0,1480890,71575511,15,0,214264,254331218,0,eth0
2022-05-05 07:27:54.461967+00:00,0,1480905,71576406,15,0,214276,254336722,0,eth0
2022-05-05 07:32:09.464704+00:00,0,1481154,71591060,15,0,214460,254418547,0,eth0
2022-05-05 07:32:24.443604+00:00,0,1481170,71592007,15,0,214472,254424076,0,eth0
2022-05-05 07:32:39.456093+00:00,0,1481183,71592775,15,0,214481,254428245,0,eth0
2022-05-05 07:32:54.455271+00:00,0,1481199,71593722,15,0,214493,254433773,0,eth0
2022-05-05 07:33:09.480410+00:00,0,1481213,71594536,15,0,214503,254437969,0,eth0
2022-05-05 07:33:24.453488+00:00,0,1481229,71595483,15,0,214515,254443496,0,eth0
2022-05-05 07:33:39.457267+00:00,0,1481243,71596297,15,0,214525,254447703,0,eth0
2022-05-05 07:33:54.460269+00:00,0,1481259,71597244,15,0,214537,254453198,0,eth0
2022-05-05 07:34:09.442764+00:00,0,1481272,71598012,15,0,214546,254457347,0,eth0
2022-05-05 07:34:24.497030+00:00,0,1481288,71598953,15,0,214559,254462914,0,eth0
2022-05-05 07:34:39.535797+00:00,0,1481301,71599721,15,0,214568,254467017,0,eth0
2022-05-05 07:34:54.459774+00:00,0,1481317,71600668,15,0,214580,254472523,0,eth0
2022-05-05 07:35:09.452504+00:00,0,1481331,71601482,15,0,214590,254476716,0,eth0
2022-05-05 07:35:24.439440+00:00,0,1481346,71602377,15,0,214602,254482211,0,eth0
2022-05-05 07:35:39.456444+00:00,0,1481359,71603145,15,0,214611,254486394,0,eth0
2022-05-05 07:35:54.471817+00:00,0,1481375,71604086,15,0,214624,254491860,0,eth0
2022-05-05 07:36:09.451252+00:00,0,1481388,71604854,15,0,214633,254495989,0,eth0
2022-05-05 07:36:24.450468+00:00,0,1481403,71605749,15,0,214645,254501474,0,eth0
2022-05-05 07:36:39.455025+00:00,0,1481417,71606563,15,0,214655,254505638,0,eth0
2022-05-05 07:36:54.451722+00:00,0,1481433,71607510,15,0,214667,254511136,0,eth0
2022-05-05 07:37:09.466089+00:00,0,1481446,71608278,15,0,214676,254515247,0,eth0
2022-05-05 07:37:24.457636+00:00,0,1481461,71609173,15,0,214688,254520723,0,eth0
2022-05-05 07:37:39.451389+00:00,0,1481475,71609987,15,0,214698,254524898,0,eth0
2022-05-05 07:37:54.448100+00:00,0,1481490,71610882,15,0,214710,254530387,0,eth0
2022-05-05 07:38:09.446799+00:00,0,1481503,71611650,15,0,214719,254534575,0,eth0
2022-05-05 07:38:24.447287+00:00,0,1481520,71612643,15,0,214732,254540146,0,eth0
2022-05-05 07:38:39.459764+00:00,0,1481533,71613411,15,0,214741,254544304,0,eth0
2022-05-05 07:38:54.445448+00:00,0,1481549,71614358,15,0,214753,254549786,0,eth0
2022-05-05 07:39:09.444041+00:00,0,1481562,71615126,15,0,214762,254553932,0,eth0
2022-05-05 07:39:24.444931+00:00,0,1481578,71616067,15,0,214775,254559435,0,eth0
2022-05-05 07:39:39.456073+00:00,0,1481591,71616835,15,0,214784,254563602,0,eth0
2022-05-05 07:39:54.485214+00:00,0,1481606,71617730,15,0,214796,254569091,0,eth0
2022-05-05 07:40:09.464814+00:00,0,1481620,71618544,15,0,214806,254573285,0,eth0
2022-05-05 07:40:24.451778+00:00,0,1481635,71619439,15,0,214818,254578772,0,eth0
2022-05-05 07:40:39.435598+00:00,0,1481648,71620207,15,0,214827,254582931,0,eth0
2022-05-05 07:40:54.442718+00:00,0,1481663,71621102,15,0,214839,254588419,0,eth0
2022-05-05 07:41:09.443003+00:00,0,1481677,71621916,15,0,214849,254592600,0,eth0
2022-05-05 07:41:24.452005+00:00,0,1481692,71622811,15,0,214861,254598104,0,eth0
2022-05-05 07:41:39.444933+00:00,0,1481705,71623579,15,0,214870,254602264,0,eth0
2022-05-05 07:41:54.441632+00:00,0,1481721,71624520,15,0,214883,254607798,0,eth0
2022-05-05 07:42:09.439553+00:00,0,1481734,71625288,15,0,214892,254611916,0,eth0
2022-05-05 07:42:24.442717+00:00,0,1481752,71626693,15,0,214908,254617656,0,eth0
2022-05-05 07:42:39.454028+00:00,0,1481765,71627461,15,0,214919,254621992,0,eth0
2022-05-05 07:42:54.462787+00:00,0,1481782,71628454,15,0,214933,254627653,0,eth0
2022-05-05 07:43:09.441720+00:00,0,1481795,71629222,15,0,214942,254631833,0,eth0
2022-05-05 07:43:24.437391+00:00,0,1481812,71630215,15,0,214955,254637396,0,eth0
2022-05-05 07:43:39.439439+00:00,0,1481825,71630983,15,0,214964,254641539,0,eth0
2022-05-05 07:43:54.446445+00:00,0,1481842,71631976,15,0,214977,254647090,0,eth0
2022-05-05 07:44:09.460379+00:00,0,1481855,71632744,15,0,214986,254651214,0,eth0
2022-05-05 07:44:24.428170+00:00,0,1481871,71633685,15,0,214999,254656763,0,eth0
2022-05-05 07:44:39.427530+00:00,0,1481884,71634453,15,0,215008,254660908,0,eth0
2022-05-05 07:44:54.435565+00:00,0,1481901,71635446,15,0,215021,254666458,0,eth0
2022-05-05 07:45:09.435412+00:00,0,1481915,71636260,15,0,215031,254670649,0,eth0
2022-05-05 07:45:24.447239+00:00,0,1481930,71637155,15,0,215043,254676120,0,eth0
2022-05-05 07:45:39.469090+00:00,0,1481944,71637969,15,0,215053,254680297,0,eth0
2022-05-05 07:45:54.436731+00:00,0,1481959,71638864,15,0,215065,254685786,0,eth0
2022-05-05 07:46:09.441276+00:00,0,1481973,71639678,15,0,215075,254689986,0,eth0
2022-05-05 07:46:24.438253+00:00,0,1481989,71640625,15,0,215087,254695484,0,eth0
2022-05-05 07:46:39.437911+00:00,0,1482003,71641439,15,0,215097,254699700,0,eth0
2022-05-05 07:46:54.442334+00:00,0,1482018,71642334,15,0,215109,254705182,0,eth0
2022-05-05 07:47:09.441391+00:00,0,1482032,71643148,15,0,215119,254709418,0,eth0
2022-05-05 07:47:24.444808+00:00,0,1482048,71644095,15,0,215131,254714951,0,eth0
2022-05-05 07:47:39.439806+00:00,0,1482061,71644863,15,0,215140,254719124,0,eth0
2022-05-05 07:47:54.444618+00:00,0,1482077,71645804,15,0,215153,254724686,0,eth0
2022-05-05 07:48:09.435278+00:00,0,1482090,71646572,15,0,215162,254728835,0,eth0
2022-05-05 07:48:24.452675+00:00,0,1482106,71647513,15,0,215175,254734352,0,eth0
2022-05-05 07:48:39.434162+00:00,0,1482119,71648281,15,0,215184,254738545,0,eth0
2022-05-05 07:48:54.441877+00:00,0,1482134,71649176,15,0,215196,254744020,0,eth0
2022-05-05 07:49:09.428746+00:00,0,1482148,71649990,15,0,215206,254748244,0,eth0
2022-05-05 07:49:24.428538+00:00,0,1482163,71650885,15,0,215218,254753674,0,eth0
2022-05-05 07:49:39.445840+00:00,0,1482176,71651653,15,0,215227,254757832,0,eth0
2022-05-05 07:49:54.442186+00:00,0,1482192,71652594,15,0,215240,254763379,0,eth0
2022-05-05 07:50:09.429405+00:00,0,1482205,71653362,15,0,215249,254767548,0,eth0
2022-05-05 07:50:24.429154+00:00,0,1482222,71654355,15,0,215262,254773126,0,eth0
2022-05-05 07:50:39.415968+00:00,0,1482235,71655123,15,0,215271,254777289,0,eth0
2022-05-05 07:50:54.452478+00:00,0,1482250,71656018,15,0,215283,254782777,0,eth0
2022-05-05 07:51:09.438091+00:00,0,1482264,71656832,15,0,215293,254786982,0,eth0
2022-05-05 07:51:24.430659+00:00,0,1482279,71657727,15,0,215305,254792480,0,eth0
2022-05-05 07:51:39.427062+00:00,0,1482292,71658495,15,0,215314,254796630,0,eth0
2022-05-05 07:51:54.438163+00:00,0,1482308,71659436,15,0,215327,254802160,0,eth0
2022-05-05 07:52:09.426477+00:00,0,1482321,71660204,15,0,215336,254806310,0,eth0
2022-05-05 07:52:24.441504+00:00,0,1482337,71661145,15,0,215349,254811852,0,eth0
2022-05-05 07:52:39.425898+00:00,0,1482350,71661913,15,0,215358,254815997,0,eth0
2022-05-05 07:52:54.423050+00:00,0,1482365,71662808,15,0,215370,254821514,0,eth0
2022-05-05 07:53:09.423304+00:00,0,1482379,71663622,15,0,215380,254825684,0,eth0
2022-05-05 07:53:24.414537+00:00,0,1482394,71664517,15,0,215392,254831187,0,eth0
2022-05-05 07:53:39.480457+00:00,0,1482408,71665331,15,0,215402,254835360,0,eth0
2022-05-05 07:53:54.433807+00:00,0,1482423,71666226,15,0,215414,254840844,0,eth0
2022-05-05 07:54:09.426005+00:00,0,1482436,71666994,15,0,215423,254844982,0,eth0
2022-05-05 07:54:24.432290+00:00,0,1482452,71667935,15,0,215436,254850504,0,eth0
2022-05-05 07:59:09.433918+00:00,0,1482726,71684102,15,0,215640,254941536,0,eth0
2022-05-05 07:59:24.425570+00:00,0,1482742,71685043,15,0,215653,254947066,0,eth0
2022-05-05 07:59:39.419078+00:00,0,1482755,71685811,15,0,215662,254951260,0,eth0
2022-05-05 07:59:54.415242+00:00,0,1482771,71686758,15,0,215674,254956793,0,eth0
2022-05-05 08:00:09.415888+00:00,0,1482785,71687572,15,0,215684,254961012,0,eth0
2022-05-05 08:00:24.416204+00:00,0,1482801,71688519,15,0,215696,254966511,0,eth0
2022-05-05 08:00:39.479034+00:00,0,1482814,71689287,15,0,215705,254970634,0,eth0
2022-05-05 08:00:54.411124+00:00,0,1482829,71690182,15,0,215717,254976093,0,eth0
2022-05-05 08:01:09.406277+00:00,0,1482843,71690996,15,0,215727,254980259,0,eth0
2022-05-05 08:01:24.400091+00:00,0,1482858,71691891,15,0,215739,254985750,0,eth0
2022-05-05 08:01:39.409367+00:00,0,1482871,71692659,15,0,215748,254989889,0,eth0
2022-05-05 08:01:54.430158+00:00,0,1482887,71693600,15,0,215761,254995421,0,eth0
2022-05-05 08:02:09.432448+00:00,0,1482900,71694368,15,0,215770,254999571,0,eth0
2022-05-05 08:02:24.409074+00:00,0,1482915,71695269,15,0,215783,255005156,0,eth0
2022-05-05 08:02:39.423663+00:00,0,1482930,71696129,15,0,215793,255009344,0,eth0
2022-05-05 08:02:54.402468+00:00,0,1482945,71697024,15,0,215805,255014842,0,eth0
2022-05-05 08:03:09.416759+00:00,0,1482959,71697838,15,0,215815,255019022,0,eth0
2022-05-05 08:03:24.414239+00:00,0,1482974,71698733,15,0,215827,255024507,0,eth0
2022-05-05 08:03:39.397127+00:00,0,1482987,71699501,15,0,215836,255028647,0,eth0
2022-05-05 08:03:54.411001+00:00,0,1483004,71700494,15,0,215849,255034182,0,eth0
2022-05-05 08:04:09.408782+00:00,0,1483017,71701262,15,0,215858,255038340,0,eth0
2022-05-05 08:04:24.418769+00:00,0,1483032,71702157,15,0,215871,255043859,0,eth0
2022-05-05 08:04:39.469331+00:00,0,1483046,71702971,15,0,215880,255047984,0,eth0
2022-05-05 08:04:54.430077+00:00,0,1483062,71703912,15,0,215893,255053564,0,eth0
2022-05-05 08:05:09.407504+00:00,0,1483075,71704680,15,0,215902,255057753,0,eth0
2022-05-05 08:05:24.407356+00:00,0,1483092,71705673,15,0,215915,255063296,0,eth0
2022-05-05 08:05:39.411311+00:00,0,1483105,71706441,15,0,215924,255067447,0,eth0
2022-05-05 08:05:54.409248+00:00,0,1483120,71707336,15,0,215936,255072929,0,eth0
2022-05-05 08:06:09.419444+00:00,0,1483135,71708202,15,0,215946,255077122,0,eth0
2022-05-05 08:06:24.406938+00:00,0,1483150,71709103,15,0,215958,255082612,0,eth0
2022-05-05 08:06:39.405200+00:00,0,1483165,71709963,15,0,215968,255086760,0,eth0
2022-05-05 08:06:54.403767+00:00,0,1483180,71710858,15,0,215980,255092271,0,eth0
2022-05-05 08:07:09.406618+00:00,0,1483194,71711672,15,0,215990,255096485,0,eth0
2022-05-05 08:07:24.404347+00:00,0,1483209,71712567,15,0,216002,255101993,0,eth0
2022-05-05 08:07:39.418267+00:00,0,1483223,71713381,15,0,216012,255106176,0,eth0
2022-05-05 08:07:54.400451+00:00,0,1483238,71714276,15,0,216024,255111646,0,eth0
2022-05-05 08:08:09.399179+00:00,0,1483251,71715044,15,0,216033,255115796,0,eth0
2022-05-05 08:08:24.402420+00:00,0,1483266,71715939,15,0,216046,255121318,0,eth0
2022-05-05 08:08:39.403421+00:00,0,1483280,71716753,15,0,216055,255125463,0,eth0
2022-05-05 08:08:54.415255+00:00,0,1483297,71717746,15,0,216068,255131055,0,eth0
2022-05-05 08:09:09.400323+00:00,0,1483310,71718514,15,0,216077,255135209,0,eth0
2022-05-05 08:09:24.387480+00:00,0,1483327,71719507,15,0,216090,255140760,0,eth0
2022-05-05 08:09:39.398050+00:00,0,1483340,71720275,15,0,216099,255144916,0,eth0
2022-05-05 08:09:54.405987+00:00,0,1483356,71721216,15,0,216112,255150451,0,eth0
2022-05-05 08:10:09.409724+00:00,0,1483369,71721984,15,0,216121,255154592,0,eth0
2022-05-05 08:10:24.416183+00:00,0,1483385,71722931,15,0,216134,255160162,0,eth0
2022-05-05 08:10:39.395345+00:00,0,1483399,71723745,15,0,216143,255164339,0,eth0
2022-05-05 08:10:54.401201+00:00,0,1483414,71724640,15,0,216155,255169825,0,eth0
2022-05-05 08:11:09.395707+00:00,0,1483428,71725454,15,0,216165,255174034,0,eth0
2022-05-05 08:11:24.383812+00:00,0,1483444,71726401,15,0,216177,255179575,0,eth0
2022-05-05 08:11:39.407847+00:00,0,1483458,71727215,15,0,216187,255183755,0,eth0
2022-05-05 08:11:54.407962+00:00,0,1483473,71728110,15,0,216199,255189229,0,eth0
2022-05-05 08:12:09.387014+00:00,0,1483487,71728924,15,0,216209,255193416,0,eth0
2022-05-05 08:12:24.396734+00:00,0,1483501,71729773,15,0,216221,255198919,0,eth0
2022-05-05 08:12:39.402696+00:00,0,1483516,71730633,15,0,216231,255203115,0,eth0
2022-05-05 08:12:54.421302+00:00,0,1483531,71731528,15,0,216243,255208621,0,eth0
2022-05-05 08:13:09.394951+00:00,0,1483544,71732296,15,0,216252,255212805,0,eth0
2022-05-05 08:13:24.392713+00:00,0,1483561,71733289,15,0,216265,255218334,0,eth0
2022-05-05 08:13:39.393107+00:00,0,1483574,71734057,15,0,216274,255222474,0,eth0
2022-05-05 08:13:54.391009+00:00,0,1483589,71734958,15,0,216286,255228016,0,eth0
2022-05-05 08:14:09.394402+00:00,0,1483604,71735818,15,0,216296,255232175,0,eth0
2022-05-05 08:14:24.394914+00:00,0,1483618,71736667,15,0,216308,255237672,0,eth0
2022-05-05 08:14:39.424358+00:00,0,1483632,71737481,15,0,216317,255241812,0,eth0
2022-05-05 08:14:54.394441+00:00,0,1483648,71738422,15,0,216330,255247348,0,eth0
2022-05-05 08:15:09.389613+00:00,0,1483661,71739190,15,0,216339,255251487,0,eth0
2022-05-05 08:15:24.389033+00:00,0,1483677,71740131,15,0,216352,255257062,0,eth0
2022-05-05 08:15:39.437368+00:00,0,1483690,71740899,15,0,216361,255261199,0,eth0
2022-05-05 08:15:54.412165+00:00,0,1483704,71741748,15,0,216373,255266711,0,eth0
2022-05-05 08:16:09.386914+00:00,0,1483719,71742608,15,0,216383,255270937,0,eth0
2022-05-05 08:16:24.392468+00:00,0,1483733,71743457,15,0,216395,255276391,0,eth0
2022-05-05 08:16:39.389754+00:00,0,1483747,71744271,15,0,216404,255280523,0,eth0
2022-05-05 08:16:54.400005+00:00,0,1483764,71745264,15,0,216417,255286060,0,eth0
2022-05-05 08:17:09.436425+00:00,0,1483779,71746496,15,0,216429,255290445,0,eth0
2022-05-05 08:17:24.389991+00:00,0,1483795,71747443,15,0,216442,255296028,0,eth0
2022-05-05 08:17:39.386459+00:00,0,1483809,71748257,15,0,216454,255300393,0,eth0
2022-05-05 08:17:54.396789+00:00,0,1483824,71749158,15,0,216466,255305907,0,eth0
2022-05-05 08:18:09.396596+00:00,0,1483838,71749972,15,0,216475,255310048,0,eth0
2022-05-05 08:18:24.441516+00:00,0,1483854,71750919,15,0,216488,255315595,0,eth0
2022-05-05 08:18:39.400514+00:00,0,1483868,71751733,15,0,216497,255319778,0,eth0
2022-05-05 08:18:54.376755+00:00,0,1483883,71752628,15,0,216509,255325299,0,eth0
2022-05-05 08:19:09.384279+00:00,0,1483897,71753442,15,0,216519,255329494,0,eth0
2022-05-05 08:19:24.384633+00:00,0,1483913,71754389,15,0,216531,255334998,0,eth0
2022-05-05 08:19:39.382973+00:00,0,1483926,71755157,15,0,216540,255339133,0,eth0
2022-05-05 08:19:54.398058+00:00,0,1483941,71756052,15,0,216553,255344648,0,eth0
2022-05-05 08:20:09.386380+00:00,0,1483955,71756866,15,0,216562,255348801,0,eth0
2022-05-05 08:20:24.389319+00:00,0,1483969,71757715,15,0,216574,255354321,0,eth0
2022-05-05 08:20:39.375045+00:00,0,1483984,71758575,15,0,216584,255358520,0,eth0
2022-05-05 08:20:54.385816+00:00,0,1483999,71759470,15,0,216596,255364002,0,eth0
2022-05-05 08:21:09.407002+00:00,0,1484012,71760238,15,0,216605,255368167,0,eth0
2022-05-05 08:21:24.387677+00:00,0,1484028,71761179,15,0,216618,255373692,0,eth0
2022-05-05 08:21:39.378234+00:00,0,1484041,71761947,15,0,216627,255377838,0,eth0
2022-05-05 08:21:54.391605+00:00,0,1484056,71762848,15,0,216639,255383333,0,eth0
2022-05-05 08:22:09.388521+00:00,0,1484071,71763708,15,0,216649,255387499,0,eth0
2022-05-05 08:22:24.378571+00:00,0,1484086,71764609,15,0,216661,255392985,0,eth0
2022-05-05 08:22:39.407324+00:00,0,1484100,71765423,15,0,216670,255397152,0,eth0
2022-05-05 08:22:54.394629+00:00,0,1484116,71766364,15,0,216683,255402683,0,eth0
2022-05-05 08:23:09.386096+00:00,0,1484129,71767132,15,0,216692,255406803,0,eth0
2022-05-05 08:23:24.380468+00:00,0,1484143,71767981,15,0,216704,255412304,0,eth0
2022-05-05 08:23:39.385729+00:00,0,1484157,71768795,15,0,216713,255416472,0,eth0
2022-05-05 08:23:54.381348+00:00,0,1484172,71769690,15,0,216726,255422014,0,eth0
2022-05-05 08:24:09.380326+00:00,0,1484186,71770504,15,0,216735,255426144,0,eth0
2022-05-05 08:24:24.383876+00:00,0,1484201,71771405,15,0,216747,255431666,0,eth0
2022-05-05 08:24:39.378884+00:00,0,1484216,71772265,15,0,216757,255435874,0,eth0
2022-05-05 08:24:54.375464+00:00,0,1484232,71773212,15,0,216769,255441387,0,eth0
2022-05-05 08:25:09.374930+00:00,0,1484245,71773980,15,0,216778,255445532,0,eth0
2022-05-05 08:25:24.389512+00:00,0,1484260,71774875,15,0,216791,255451058,0,eth0
2022-05-05 08:25:39.389655+00:00,0,1484274,71775689,15,0,216800,255455211,0,eth0
2022-05-05 08:25:54.382159+00:00,0,1484289,71776590,15,0,216812,255460752,0,eth0
2022-05-05 08:26:09.378158+00:00,0,1484303,71777404,15,0,216821,255464940,0,eth0
2022-05-05 08:26:24.377159+00:00,0,1484319,71778351,15,0,216834,255470496,0,eth0
2022-05-05 08:26:39.412729+00:00,0,1484333,71779165,15,0,216843,255474634,0,eth0
2022-05-05 08:26:54.409415+00:00,0,1484349,71780112,15,0,216855,255480148,0,eth0
2022-05-05 08:27:09.382159+00:00,0,1484363,71780926,15,0,216865,255484339,0,eth0
2022-05-05 08:27:24.370764+00:00,0,1484377,71781775,15,0,216877,255489856,0,eth0
2022-05-05 08:27:39.363452+00:00,0,1484391,71782589,15,0,216886,255494036,0,eth0
2022-05-05 08:27:54.360057+00:00,0,1484405,71783438,15,0,216898,255499478,0,eth0
2022-05-05 08:28:09.394049+00:00,0,1484420,71784298,15,0,216908,255503641,0,eth0
2022-05-05 08:28:24.358925+00:00,0,1484434,71785147,15,0,216920,255509126,0,eth0
2022-05-05 08:28:39.370405+00:00,0,1484448,71785961,15,0,216929,255513292,0,eth0
2022-05-05 08:28:54.359914+00:00,0,1484464,71786902,15,0,216942,255518805,0,eth0
2022-05-05 08:29:09.376933+00:00,0,1484477,71787670,15,0,216951,255522971,0,eth0
2022-05-05 08:29:24.412218+00:00,0,1484492,71788565,15,0,216964,255528503,0,eth0
2022-05-05 08:29:39.385711+00:00,0,1484506,71789379,15,0,216973,255532632,0,eth0
2022-05-05 08:29:54.356951+00:00,0,1484522,71790326,15,0,216986,255538190,0,eth0
2022-05-05 08:30:09.370270+00:00,0,1484536,71791140,15,0,216995,255542329,0,eth0
2022-05-05 08:30:24.378745+00:00,0,1484551,71792035,15,0,217008,255547869,0,eth0
2022-05-05 08:30:39.382306+00:00,0,1484565,71792849,15,0,217017,255551979,0,eth0
2022-05-05 08:30:54.380450+00:00,0,1484582,71793842,15,0,217030,255557557,0,eth0
2022-05-05 08:31:09.364567+00:00,0,1484595,71794610,15,0,217039,255561714,0,eth0
2022-05-05 08:31:24.364173+00:00,0,1484611,71795557,15,0,217052,255567345,0,eth0
2022-05-05 08:31:39.377017+00:00,0,1484625,71796371,15,0,217061,255571483,0,eth0
2022-05-05 08:31:54.397066+00:00,0,1484641,71797318,15,0,217074,255577074,0,eth0
2022-05-05 08:32:09.379151+00:00,0,1484655,71798132,15,0,217083,255581197,0,eth0
2022-05-05 08:32:24.374133+00:00,0,1484671,71799079,15,0,217096,255586763,0,eth0
2022-05-05 08:32:39.362019+00:00,0,1484685,71799893,15,0,217105,255590913,0,eth0
2022-05-05 08:32:54.363143+00:00,0,1484701,71800834,15,0,217118,255596453,0,eth0
2022-05-05 08:33:09.363477+00:00,0,1484714,71801602,15,0,217127,255600597,0,eth0
2022-05-05 08:33:24.362719+00:00,0,1484729,71802503,15,0,217139,255606116,0,eth0
2022-05-05 08:33:39.389679+00:00,0,1484744,71803363,15,0,217149,255610313,0,eth0
2022-05-05 08:33:54.360102+00:00,0,1484758,71804212,15,0,217161,255615791,0,eth0
2022-05-05 08:34:09.367540+00:00,0,1484772,71805026,15,0,217170,255619966,0,eth0
2022-05-05 08:34:24.364193+00:00,0,1484787,71805921,15,0,217183,255625504,0,eth0
2022-05-05 08:34:39.360882+00:00,0,1484801,71806735,15,0,217192,255629626,0,eth0
2022-05-05 08:34:54.363581+00:00,0,1484815,71807584,15,0,217204,255635138,0,eth0
2022-05-05 08:35:09.370015+00:00,0,1484830,71808444,15,0,217214,255639309,0,eth0
2022-05-05 08:35:54.361356+00:00,0,1484873,71811008,15,0,217247,255654476,0,eth0
2022-05-05 08:36:09.361785+00:00,0,1484888,71811868,15,0,217257,255658677,0,eth0
2022-05-05 08:37:24.355164+00:00,0,1484961,71816193,15,0,217312,255683530,0,eth0
2022-05-05 08:37:39.364788+00:00,0,1484976,71817053,15,0,217322,255687730,0,eth0
2022-05-05 08:37:54.371992+00:00,0,1484990,71817902,15,0,217334,255693213,0,eth0
2022-05-05 08:38:09.358977+00:00,0,1485004,71818716,15,0,217343,255697357,0,eth0
2022-05-05 08:42:54.347589+00:00,0,1485279,71834952,15,0,217552,255790085,0,eth0
2022-05-05 08:43:09.357182+00:00,0,1485293,71835766,15,0,217561,255794227,0,eth0
2022-05-05 08:43:24.374123+00:00,0,1485308,71836661,15,0,217574,255799748,0,eth0
2022-05-05 08:43:39.359069+00:00,0,1485322,71837475,15,0,217583,255803885,0,eth0
2022-05-05 08:43:54.348806+00:00,0,1485337,71838370,15,0,217596,255809436,0,eth0
2022-05-05 08:44:09.348486+00:00,0,1485351,71839184,15,0,217605,255813585,0,eth0
2022-05-05 08:44:24.355869+00:00,0,1485366,71840079,15,0,217618,255819075,0,eth0
2022-05-05 08:44:39.387249+00:00,0,1485381,71840939,15,0,217628,255823305,0,eth0
2022-05-05 08:44:54.352776+00:00,0,1485395,71841788,15,0,217640,255828808,0,eth0
2022-05-05 08:45:09.343251+00:00,0,1485410,71842648,15,0,217650,255833020,0,eth0
2022-05-05 08:45:24.358218+00:00,0,1485425,71843543,15,0,217663,255838545,0,eth0
2022-05-05 08:45:39.354796+00:00,0,1485439,71844357,15,0,217672,255842722,0,eth0
2022-05-05 08:45:54.359949+00:00,0,1485454,71845252,15,0,217685,255848236,0,eth0
2022-05-05 08:46:09.365159+00:00,0,1485469,71846112,15,0,217695,255852440,0,eth0
2022-05-05 08:46:24.331747+00:00,0,1485483,71846961,15,0,217707,255857925,0,eth0
2022-05-05 08:46:39.353543+00:00,0,1485498,71847821,15,0,217717,255862126,0,eth0
2022-05-05 08:46:54.350803+00:00,0,1485513,71848716,15,0,217730,255867662,0,eth0
2022-05-05 08:47:09.347384+00:00,0,1485527,71849530,15,0,217739,255871816,0,eth0
2022-05-05 08:47:24.366263+00:00,0,1485543,71850477,15,0,217752,255877367,0,eth0
2022-05-05 08:47:39.374040+00:00,0,1485558,71851337,15,0,217762,255881518,0,eth0
2022-05-05 08:47:54.347016+00:00,0,1485572,71852186,15,0,217774,255887009,0,eth0
2022-05-05 08:48:09.337818+00:00,0,1485587,71853046,15,0,217784,255891174,0,eth0
2022-05-05 08:48:24.331938+00:00,0,1485602,71853941,15,0,217797,255896700,0,eth0
2022-05-05 08:48:39.385069+00:00,0,1485616,71854755,15,0,217806,255900885,0,eth0
2022-05-05 08:48:54.358131+00:00,0,1485630,71855604,15,0,217818,255906393,0,eth0
2022-05-05 08:49:09.343605+00:00,0,1485645,71856464,15,0,217828,255910568,0,eth0
2022-05-05 08:49:24.340740+00:00,0,1485660,71857365,15,0,217840,255916044,0,eth0
2022-05-05 08:49:39.338193+00:00,0,1485675,71858225,15,0,217850,255920208,0,eth0
2022-05-05 08:49:54.341845+00:00,0,1485689,71859074,15,0,217862,255925741,0,eth0
2022-05-05 08:50:09.342484+00:00,0,1485704,71859934,15,0,217872,255929906,0,eth0
2022-05-05 08:50:24.341323+00:00,0,1485718,71860783,15,0,217884,255935393,0,eth0
2022-05-05 08:50:39.336216+00:00,0,1485732,71861597,15,0,217893,255939534,0,eth0
2022-05-05 08:50:54.339073+00:00,0,1485747,71862492,15,0,217906,255945084,0,eth0
2022-05-05 08:51:09.333967+00:00,0,1485761,71863306,15,0,217915,255949227,0,eth0
2022-05-05 08:51:24.352299+00:00,0,1485776,71864201,15,0,217928,255954769,0,eth0
2022-05-05 08:51:39.356700+00:00,0,1485790,71865015,15,0,217937,255958896,0,eth0
2022-05-05 08:51:54.326257+00:00,0,1485806,71865962,15,0,217950,255964444,0,eth0
2022-05-05 08:52:09.331471+00:00,0,1485822,71867240,15,0,217963,255968938,0,eth0
2022-05-05 08:52:24.333169+00:00,0,1485837,71868141,15,0,217976,255974544,0,eth0
2022-05-05 08:52:39.343780+00:00,0,1485852,71869001,15,0,217987,255978822,0,eth0
2022-05-05 08:52:54.353770+00:00,0,1485866,71869850,15,0,217999,255984317,0,eth0
2022-05-05 08:53:09.331368+00:00,0,1485881,71870710,15,0,218009,255988562,0,eth0
2022-05-05 08:53:24.332281+00:00,0,1485895,71871559,15,0,218021,255994043,0,eth0
2022-05-05 08:53:39.336061+00:00,0,1485909,71872373,15,0,218030,255998219,0,eth0
2022-05-05 08:53:54.333476+00:00,0,1485924,71873268,15,0,218043,256003764,0,eth0
2022-05-05 08:54:09.365956+00:00,0,1485939,71874128,15,0,218053,256007953,0,eth0
2022-05-05 08:54:24.355471+00:00,0,1485953,71874977,15,0,218065,256013443,0,eth0
2022-05-05 08:54:39.335079+00:00,0,1485968,71875837,15,0,218075,256017609,0,eth0
2022-05-05 08:54:54.332570+00:00,0,1485982,71876686,15,0,218087,256023065,0,eth0
2022-05-05 08:55:09.327672+00:00,0,1485997,71877546,15,0,218097,256027264,0,eth0
2022-05-05 08:55:24.342452+00:00,0,1486012,71878441,15,0,218110,256032779,0,eth0
2022-05-05 08:55:39.363400+00:00,0,1486026,71879255,15,0,218119,256036918,0,eth0
2022-05-05 08:55:54.336051+00:00,0,1486042,71880202,15,0,218132,256042433,0,eth0
2022-05-05 08:56:09.329904+00:00,0,1486056,71881016,15,0,218141,256046601,0,eth0
2022-05-05 09:00:54.310184+00:00,0,1486336,71897494,15,0,218354,256139421,0,eth0
2022-05-05 09:01:09.329454+00:00,0,1486351,71898354,15,0,218364,256143621,0,eth0
2022-05-05 09:01:24.306817+00:00,0,1486365,71899203,15,0,218376,256149098,0,eth0
2022-05-05 09:01:39.317099+00:00,0,1486380,71900063,15,0,218386,256153272,0,eth0
2022-05-05 09:01:54.317913+00:00,0,1486395,71900964,15,0,218398,256158780,0,eth0
2022-05-05 09:02:09.318846+00:00,0,1486410,71901824,15,0,218408,256163001,0,eth0
2022-05-05 09:02:24.334163+00:00,0,1486424,71902673,15,0,218420,256168442,0,eth0
2022-05-05 09:02:39.358714+00:00,0,1486439,71903533,15,0,218430,256172656,0,eth0
2022-05-05 09:02:54.319992+00:00,0,1486454,71904434,15,0,218442,256178151,0,eth0
2022-05-05 09:03:09.316119+00:00,0,1486469,71905294,15,0,218452,256182332,0,eth0
2022-05-05 09:03:24.317935+00:00,0,1486483,71906143,15,0,218464,256187829,0,eth0
2022-05-05 09:03:39.318278+00:00,0,1486498,71907003,15,0,218474,256192034,0,eth0
2022-05-05 09:03:54.351311+00:00,0,1486512,71907852,15,0,218486,256197548,0,eth0
2022-05-05 09:04:09.318491+00:00,0,1486526,71908666,15,0,218495,256201737,0,eth0
2022-05-05 09:04:24.328384+00:00,0,1486542,71909613,15,0,218508,256207315,0,eth0
2022-05-05 09:04:39.315001+00:00,0,1486556,71910427,15,0,218517,256211458,0,eth0
2022-05-05 09:04:54.313368+00:00,0,1486572,71911374,15,0,218530,256216979,0,eth0
2022-05-05 09:05:09.357421+00:00,0,1486586,71912188,15,0,218539,256221149,0,eth0
2022-05-05 09:05:24.354032+00:00,0,1486601,71913089,15,0,218551,256226672,0,eth0
2022-05-05 09:05:39.313739+00:00,0,1486616,71913949,15,0,218561,256230863,0,eth0
2022-05-05 09:05:54.326681+00:00,0,1486631,71914850,15,0,218573,256236365,0,eth0
2022-05-05 09:06:09.299356+00:00,0,1486646,71915710,15,0,218583,256240555,0,eth0
2022-05-05 09:06:24.309620+00:00,0,1486660,71916559,15,0,218595,256246032,0,eth0
2022-05-05 09:06:39.334987+00:00,0,1486674,71917373,15,0,218604,256250145,0,eth0
2022-05-05 09:06:54.309149+00:00,0,1486690,71918320,15,0,218617,256255730,0,eth0
2022-05-05 09:07:09.309326+00:00,0,1486704,71919134,15,0,218626,256259874,0,eth0
2022-05-05 09:07:24.311897+00:00,0,1486720,71920081,15,0,218639,256265413,0,eth0
2022-05-05 09:07:39.308706+00:00,0,1486734,71920895,15,0,218648,256269610,0,eth0
2022-05-05 09:07:54.328127+00:00,0,1486748,71921744,15,0,218660,256275126,0,eth0
2022-05-05 09:08:09.320763+00:00,0,1486763,71922604,15,0,218670,256279271,0,eth0
2022-05-05 09:08:24.306601+00:00,0,1486778,71923505,15,0,218682,256284769,0,eth0
2022-05-05 09:08:39.310314+00:00,0,1486793,71924365,15,0,218692,256288974,0,eth0
2022-05-05 09:08:54.307231+00:00,0,1486807,71925214,15,0,218704,256294457,0,eth0
2022-05-05 09:09:09.310304+00:00,0,1486821,71926028,15,0,218713,256298588,0,eth0
2022-05-05 09:09:24.330781+00:00,0,1486836,71926923,15,0,218726,256304122,0,eth0
2022-05-05 09:09:39.320555+00:00,0,1486851,71927783,15,0,218736,256308339,0,eth0
2022-05-05 09:09:54.305505+00:00,0,1486865,71928632,15,0,218748,256313839,0,eth0
2022-05-05 09:10:09.312932+00:00,0,1486880,71929492,15,0,218758,256318040,0,eth0
2022-05-05 09:10:24.304361+00:00,0,1486896,71930439,15,0,218771,256323595,0,eth0
2022-05-05 09:10:39.320400+00:00,0,1486910,71931253,15,0,218780,256327790,0,eth0
2022-05-05 09:10:54.310795+00:00,0,1486926,71932200,15,0,218793,256333348,0,eth0
2022-05-05 09:11:09.307273+00:00,0,1486941,71933060,15,0,218803,256337495,0,eth0
2022-05-05 09:11:24.294673+00:00,0,1486955,71933909,15,0,218815,256342959,0,eth0
2022-05-05 09:11:39.302956+00:00,0,1486970,71934769,15,0,218825,256347143,0,eth0
2022-05-05 09:11:54.302102+00:00,0,1486985,71935670,15,0,218837,256352680,0,eth0
2022-05-05 09:12:09.325040+00:00,0,1487000,71936530,15,0,218847,256356869,0,eth0
2022-05-05 09:12:24.303475+00:00,0,1487015,71937425,15,0,218860,256362403,0,eth0
2022-05-05 09:12:39.303463+00:00,0,1487029,71938239,15,0,218869,256366572,0,eth0
2022-05-05 09:12:54.304306+00:00,0,1487045,71939186,15,0,218882,256372115,0,eth0
2022-05-05 09:13:09.302301+00:00,0,1487060,71940046,15,0,218892,256376317,0,eth0
2022-05-05 09:13:24.300782+00:00,0,1487075,71940947,15,0,218904,256381800,0,eth0
2022-05-05 09:13:39.309097+00:00,0,1487090,71941807,15,0,218914,256385963,0,eth0
2022-05-05 09:13:54.298552+00:00,0,1487104,71942656,15,0,218926,256391423,0,eth0
2022-05-05 09:14:09.299173+00:00,0,1487119,71943516,15,0,218936,256395636,0,eth0
2022-05-05 09:18:54.307804+00:00,0,1487398,71959936,15,0,219149,256488402,0,eth0
2022-05-05 09:19:09.300709+00:00,0,1487412,71960750,15,0,219158,256492536,0,eth0
2022-05-05 09:19:24.292662+00:00,0,1487427,71961645,15,0,219171,256498078,0,eth0
2022-05-05 09:19:39.305878+00:00,0,1487441,71962459,15,0,219180,256502250,0,eth0
2022-05-05 09:19:54.292444+00:00,0,1487457,71963406,15,0,219193,256507796,0,eth0
2022-05-05 09:20:09.293965+00:00,0,1487471,71964220,15,0,219202,256511946,0,eth0
2022-05-05 09:20:24.326402+00:00,0,1487486,71965115,15,0,219215,256517458,0,eth0
2022-05-05 09:20:39.291690+00:00,0,1487500,71965929,15,0,219224,256521590,0,eth0
2022-05-05 09:20:54.300313+00:00,0,1487515,71966824,15,0,219237,256527111,0,eth0
2022-05-05 09:21:09.289706+00:00,0,1487529,71967638,15,0,219246,256531244,0,eth0
2022-05-05 09:21:24.290692+00:00,0,1487544,71968533,15,0,219259,256536789,0,eth0
2022-05-05 09:21:39.299060+00:00,0,1487558,71969347,15,0,219268,256540938,0,eth0
2022-05-05 09:21:54.309195+00:00,0,1487573,71970248,15,0,219280,256546468,0,eth0
2022-05-05 09:22:09.292690+00:00,0,1487588,71971108,15,0,219290,256550663,0,eth0
2022-05-05 09:22:24.299812+00:00,0,1487602,71971957,15,0,219302,256556181,0,eth0
2022-05-05 09:22:39.286685+00:00,0,1487617,71972817,15,0,219312,256560386,0,eth0
2022-05-05 09:22:54.291988+00:00,0,1487632,71973718,15,0,219324,256565894,0,eth0
2022-05-05 09:23:09.307748+00:00,0,1487647,71974578,15,0,219334,256570075,0,eth0
2022-05-05 09:23:24.290158+00:00,0,1487661,71975427,15,0,219346,256575540,0,eth0
2022-05-05 09:23:39.290019+00:00,0,1487676,71976287,15,0,219356,256579740,0,eth0
2022-05-05 09:23:54.288047+00:00,0,1487690,71977136,15,0,219368,256585277,0,eth0
2022-05-05 09:24:09.290095+00:00,0,1487705,71977996,15,0,219378,256589479,0,eth0
2022-05-05 09:24:24.284547+00:00,0,1487720,71978897,15,0,219390,256594992,0,eth0
2022-05-05 09:24:39.333501+00:00,0,1487734,71979711,15,0,219399,256599132,0,eth0
2022-05-05 09:24:54.283383+00:00,0,1487750,71980658,15,0,219412,256604647,0,eth0
2022-05-05 09:25:09.286633+00:00,0,1487764,71981472,15,0,219421,256608772,0,eth0
2022-05-05 09:25:24.270328+00:00,0,1487779,71982367,15,0,219434,256614308,0,eth0
2022-05-05 09:25:39.277040+00:00,0,1487793,71983181,15,0,219443,256618428,0,eth0
2022-05-05 09:25:54.292821+00:00,0,1487807,71984030,15,0,219455,256623903,0,eth0
2022-05-05 09:26:09.292588+00:00,0,1487822,71984890,15,0,219465,256628074,0,eth0
2022-05-05 09:26:24.283640+00:00,0,1487836,71985739,15,0,219477,256633540,0,eth0
2022-05-05 09:26:39.283386+00:00,0,1487850,71986553,15,0,219486,256637696,0,eth0
2022-05-05 09:26:54.289730+00:00,0,1487868,71987964,15,0,219503,256643588,0,eth0
2022-05-05 09:27:09.283692+00:00,0,1487882,71988778,15,0,219513,256647847,0,eth0
2022-05-05 09:27:24.290454+00:00,0,1487898,71989725,15,0,219527,256653486,0,eth0
2022-05-05 09:27:39.267695+00:00,0,1487912,71990539,15,0,219536,256657672,0,eth0
2022-05-05 09:27:54.276876+00:00,0,1487927,71991440,15,0,219548,256663206,0,eth0
2022-05-05 09:28:09.282868+00:00,0,1487942,71992300,15,0,219558,256667396,0,eth0
2022-05-05 09:28:24.287259+00:00,0,1487956,71993149,15,0,219570,256672923,0,eth0
2022-05-05 09:28:39.307669+00:00,0,1487970,71993963,15,0,219579,256677052,0,eth0
2022-05-05 09:28:54.277369+00:00,0,1487986,71994910,15,0,219592,256682627,0,eth0
2022-05-05 09:29:09.285846+00:00,0,1488000,71995724,15,0,219601,256686782,0,eth0
2022-05-05 09:29:24.278413+00:00,0,1488014,71996573,15,0,219613,256692249,0,eth0
2022-05-05 09:29:39.289127+00:00,0,1488029,71997433,15,0,219623,256696439,0,eth0
2022-05-05 09:29:54.276419+00:00,0,1488043,71998282,15,0,219635,256701907,0,eth0
2022-05-05 09:30:09.303768+00:00,0,1488058,71999142,15,0,219645,256706087,0,eth0
2022-05-05 09:30:24.272554+00:00,0,1488072,71999991,15,0,219657,256711568,0,eth0
2022-05-05 09:30:39.274648+00:00,0,1488086,72000805,15,0,219666,256715700,0,eth0
2022-05-05 09:30:54.272556+00:00,0,1488102,72001752,15,0,219679,256721255,0,eth0
2022-05-05 09:31:09.282237+00:00,0,1488116,72002566,15,0,219688,256725429,0,eth0
2022-05-05 09:31:24.297192+00:00,0,1488130,72003415,15,0,219700,256730905,0,eth0
2022-05-05 09:31:39.320428+00:00,0,1488145,72004275,15,0,219710,256735089,0,eth0
2022-05-05 09:31:54.286413+00:00,0,1488159,72005124,15,0,219722,256740579,0,eth0
2022-05-05 09:32:09.285872+00:00,0,1488173,72005938,15,0,219731,256744737,0,eth0
2022-05-05 09:36:54.287093+00:00,0,1488451,72022348,15,0,219940,256837445,0,eth0
2022-05-05 09:37:09.272494+00:00,0,1488466,72023208,15,0,219950,256841621,0,eth0
2022-05-05 09:37:24.262593+00:00,0,1488480,72024057,15,0,219962,256847081,0,eth0
2022-05-05 09:37:39.262408+00:00,0,1488494,72024871,15,0,219971,256851202,0,eth0
2022-05-05 09:37:54.266774+00:00,0,1488509,72025766,15,0,219984,256856710,0,eth0
2022-05-05 09:38:09.250780+00:00,0,1488523,72026580,15,0,219993,256860907,0,eth0
2022-05-05 09:38:24.266866+00:00,0,1488539,72027527,15,0,220006,256866471,0,eth0
2022-05-05 09:38:39.262009+00:00,0,1488553,72028341,15,0,220015,256870618,0,eth0
2022-05-05 09:38:54.274508+00:00,0,1488569,72029288,15,0,220028,256876198,0,eth0
2022-05-05 09:39:09.260977+00:00,0,1488583,72030102,15,0,220037,256880320,0,eth0
2022-05-05 09:39:24.260975+00:00,0,1488597,72030951,15,0,220049,256885795,0,eth0
2022-05-05 09:39:39.324767+00:00,0,1488612,72031811,15,0,220059,256889978,0,eth0
2022-05-05 09:39:54.260133+00:00,0,1488626,72032660,15,0,220071,256895433,0,eth0
2022-05-05 09:40:09.261437+00:00,0,1488640,72033474,15,0,220080,256899585,0,eth0
2022-05-05 09:40:24.259008+00:00,0,1488656,72034421,15,0,220093,256905128,0,eth0
2022-05-05 09:40:39.257488+00:00,0,1488670,72035235,15,0,220102,256909308,0,eth0
2022-05-05 09:40:54.262443+00:00,0,1488686,72036182,15,0,220115,256914868,0,eth0
2022-05-05 09:41:09.292310+00:00,0,1488702,72037100,15,0,220124,256919029,0,eth0
2022-05-05 09:41:24.257081+00:00,0,1488716,72037949,15,0,220136,256924508,0,eth0
2022-05-05 09:41:39.270805+00:00,0,1488731,72038809,15,0,220146,256928705,0,eth0
2022-05-05 09:41:54.259596+00:00,0,1488745,72039658,15,0,220158,256934217,0,eth0
2022-05-05 09:42:09.260514+00:00,0,1488759,72040472,15,0,220167,256938376,0,eth0
2022-05-05 09:42:24.267596+00:00,0,1488774,72041367,15,0,220180,256943902,0,eth0
2022-05-05 09:42:39.254306+00:00,0,1488788,72042181,15,0,220189,256948067,0,eth0
2022-05-05 09:42:54.253886+00:00,0,1488802,72043030,15,0,220201,256953530,0,eth0
2022-05-05 09:43:09.257265+00:00,0,1488817,72043890,15,0,220211,256957701,0,eth0
2022-05-05 09:43:24.259016+00:00,0,1488832,72044791,15,0,220223,256963204,0,eth0
2022-05-05 09:43:39.269202+00:00,0,1488847,72045651,15,0,220233,256967414,0,eth0
2022-05-05 09:43:54.260903+00:00,0,1488861,72046500,15,0,220245,256972863,0,eth0
2022-05-05 09:44:09.252950+00:00,0,1488875,72047314,15,0,220254,256976969,0,eth0
2022-05-05 09:44:24.260068+00:00,0,1488890,72048209,15,0,220267,256982541,0,eth0
2022-05-05 09:44:39.251054+00:00,0,1488904,72049023,15,0,220276,256986703,0,eth0
2022-05-05 09:44:54.266626+00:00,0,1488918,72049872,15,0,220288,256992207,0,eth0
2022-05-05 09:45:09.262936+00:00,0,1488933,72050732,15,0,220298,256996423,0,eth0
2022-05-05 09:45:24.252608+00:00,0,1488947,72051581,15,0,220310,257001888,0,eth0
2022-05-05 09:45:39.255001+00:00,0,1488962,72052441,15,0,220320,257006087,0,eth0
2022-05-05 09:45:54.249135+00:00,0,1488976,72053290,15,0,220332,257011548,0,eth0
2022-05-05 09:46:09.242369+00:00,0,1488991,72054150,15,0,220342,257015748,0,eth0
2022-05-05 09:46:24.258482+00:00,0,1489005,72054999,15,0,220354,257021246,0,eth0
2022-05-05 09:46:39.309984+00:00,0,1489020,72055859,15,0,220364,257025421,0,eth0
2022-05-05 09:46:54.256719+00:00,0,1489037,72056864,15,0,220376,257030929,0,eth0
2022-05-05 09:47:09.243611+00:00,0,1489052,72057724,15,0,220386,257035149,0,eth0
2022-05-05 09:47:24.259362+00:00,0,1489066,72058573,15,0,220398,257040645,0,eth0
2022-05-05 09:47:39.260449+00:00,0,1489080,72059387,15,0,220407,257044758,0,eth0
2022-05-05 09:47:54.261746+00:00,0,1489096,72060334,15,0,220420,257050320,0,eth0
2022-05-05 09:48:09.250638+00:00,0,1489110,72061148,15,0,220429,257054498,0,eth0
2022-05-05 09:48:24.261992+00:00,0,1489125,72062043,15,0,220442,257060018,0,eth0
2022-05-05 09:48:39.247089+00:00,0,1489139,72062857,15,0,220451,257064168,0,eth0
2022-05-05 09:48:54.246979+00:00,0,1489154,72063752,15,0,220464,257069684,0,eth0
2022-05-05 09:49:09.255915+00:00,0,1489168,72064566,15,0,220473,257073836,0,eth0
2022-05-05 09:49:24.261926+00:00,0,1489183,72065461,15,0,220486,257079369,0,eth0
2022-05-05 09:49:39.247461+00:00,0,1489197,72066275,15,0,220495,257083549,0,eth0
2022-05-05 09:54:39.259806+00:00,0,1489493,72083683,15,0,220714,257180498,0,eth0
2022-05-05 09:54:54.273266+00:00,0,1489508,72084584,15,0,220726,257186009,0,eth0
2022-05-05 09:55:09.240813+00:00,0,1489522,72085398,15,0,220735,257190153,0,eth0
2022-05-05 09:55:24.238547+00:00,0,1489538,72086345,15,0,220748,257195720,0,eth0
2022-05-05 09:55:39.249394+00:00,0,1489552,72087159,15,0,220757,257199870,0,eth0
2022-05-05 09:55:54.234233+00:00,0,1489567,72088054,15,0,220770,257205402,0,eth0
2022-05-05 09:56:09.247333+00:00,0,1489581,72088868,15,0,220779,257209569,0,eth0
2022-05-05 09:56:24.234625+00:00,0,1489596,72089763,15,0,220792,257215072,0,eth0
2022-05-05 09:56:39.243886+00:00,0,1489611,72090623,15,0,220802,257219310,0,eth0
2022-05-05 09:56:54.226891+00:00,0,1489625,72091472,15,0,220814,257224770,0,eth0
2022-05-05 09:57:09.234154+00:00,0,1489640,72092332,15,0,220824,257228995,0,eth0
2022-05-05 09:57:24.243236+00:00,0,1489655,72093227,15,0,220837,257234527,0,eth0
2022-05-05 09:57:39.246163+00:00,0,1489669,72094041,15,0,220846,257238691,0,eth0
2022-05-05 09:57:54.233384+00:00,0,1489685,72094988,15,0,220859,257244217,0,eth0
2022-05-05 09:58:09.243875+00:00,0,1489700,72095848,15,0,220869,257248416,0,eth0
2022-05-05 09:58:24.241593+00:00,0,1489715,72096749,15,0,220881,257253948,0,eth0
2022-05-05 09:58:39.231372+00:00,0,1489730,72097609,15,0,220891,257258140,0,eth0
2022-05-05 09:58:54.249907+00:00,0,1489746,72098556,15,0,220904,257263698,0,eth0
2022-05-05 09:59:09.230801+00:00,0,1489760,72099370,15,0,220913,257267848,0,eth0
2022-05-05 09:59:24.232946+00:00,0,1489775,72100265,15,0,220926,257273383,0,eth0
2022-05-05 09:59:39.230681+00:00,0,1489790,72101125,15,0,220936,257277590,0,eth0
2022-05-05 09:59:54.228848+00:00,0,1489805,72102026,15,0,220948,257283139,0,eth0
2022-05-05 10:00:09.264102+00:00,0,1489820,72102886,15,0,220958,257287337,0,eth0
2022-05-05 10:00:24.261077+00:00,0,1489835,72103781,15,0,220971,257292840,0,eth0
2022-05-05 10:00:39.232618+00:00,0,1489849,72104595,15,0,220980,257296993,0,eth0
2022-05-05 10:00:54.221270+00:00,0,1489865,72105542,15,0,220993,257302545,0,eth0
2022-05-05 10:01:09.218016+00:00,0,1489880,72106402,15,0,221003,257306762,0,eth0
2022-05-05 10:01:24.241368+00:00,0,1489894,72107251,15,0,221015,257312259,0,eth0
2022-05-05 10:01:39.277794+00:00,0,1489911,72108575,15,0,221028,257316697,0,eth0
2022-05-05 10:01:54.227652+00:00,0,1489925,72109424,15,0,221042,257322373,0,eth0
2022-05-05 10:02:09.232862+00:00,0,1489940,72110284,15,0,221053,257326643,0,eth0
2022-05-05 10:02:24.222267+00:00,0,1489955,72111185,15,0,221065,257332146,0,eth0
2022-05-05 10:02:39.220322+00:00,0,1489970,72112045,15,0,221076,257336366,0,eth0
2022-05-05 10:02:54.233590+00:00,0,1489986,72112992,15,0,221089,257341953,0,eth0
2022-05-05 10:03:09.248344+00:00,0,1490000,72113806,15,0,221098,257346121,0,eth0
2022-05-05 10:03:24.234943+00:00,0,1490015,72114701,15,0,221111,257351611,0,eth0
2022-05-05 10:03:39.223778+00:00,0,1490029,72115515,15,0,221120,257355782,0,eth0
2022-05-05 10:03:54.235421+00:00,0,1490045,72116462,15,0,221133,257361315,0,eth0
2022-05-05 10:04:09.225056+00:00,0,1490059,72117276,15,0,221142,257365452,0,eth0
2022-05-05 10:04:24.263174+00:00,0,1490075,72118223,15,0,221155,257371022,0,eth0
2022-05-05 10:04:39.221842+00:00,0,1490090,72119083,15,0,221165,257375197,0,eth0
2022-05-05 10:04:54.223088+00:00,0,1490105,72119984,15,0,221177,257380704,0,eth0
2022-05-05 10:05:09.226714+00:00,0,1490120,72120844,15,0,221187,257384859,0,eth0
2022-05-05 10:05:24.219371+00:00,0,1490134,72121693,15,0,221199,257390343,0,eth0
2022-05-05 10:05:39.241128+00:00,0,1490149,72122553,15,0,221209,257394536,0,eth0
2022-05-05 10:05:54.244567+00:00,0,1490164,72123454,15,0,221221,257400076,0,eth0
2022-05-05 10:06:09.227732+00:00,0,1490179,72124314,15,0,221231,257404266,0,eth0
2022-05-05 10:06:24.212800+00:00,0,1490193,72125163,15,0,221243,257409751,0,eth0
2022-05-05 10:06:39.206877+00:00,0,1490208,72126023,15,0,221253,257413940,0,eth0
2022-05-05 10:06:54.221326+00:00,0,1490222,72126872,15,0,221265,257419431,0,eth0
2022-05-05 10:07:09.280293+00:00,0,1490237,72127732,15,0,221275,257423664,0,eth0
2022-05-05 10:07:24.217571+00:00,0,1490251,72128581,15,0,221287,257429171,0,eth0
2022-05-05 10:07:39.220783+00:00,0,1490266,72129441,15,0,221297,257433361,0,eth0
2022-05-05 10:07:54.228708+00:00,0,1490280,72130290,15,0,221309,257438862,0,eth0
2022-05-05 10:12:39.224665+00:00,0,1490562,72146837,15,0,221518,257530411,0,eth0
2022-05-05 10:12:54.209078+00:00,0,1490576,72147686,15,0,221530,257535889,0,eth0
2022-05-05 10:13:09.213191+00:00,0,1490591,72148546,15,0,221540,257540091,0,eth0
2022-05-05 10:13:24.207438+00:00,0,1490606,72149441,15,0,221553,257545636,0,eth0
2022-05-05 10:13:39.207410+00:00,0,1490620,72150255,15,0,221562,257549775,0,eth0
2022-05-05 10:13:54.239954+00:00,0,1490635,72151150,15,0,221575,257555314,0,eth0
2022-05-05 10:14:09.248927+00:00,0,1490650,72152010,15,0,221585,257559523,0,eth0
2022-05-05 10:14:24.208153+00:00,0,1490664,72152859,15,0,221597,257565016,0,eth0
2022-05-05 10:14:39.208213+00:00,0,1490679,72153719,15,0,221607,257569211,0,eth0
2022-05-05 10:14:54.196012+00:00,0,1490694,72154614,15,0,221620,257574730,0,eth0
2022-05-05 10:15:09.211726+00:00,0,1490708,72155428,15,0,221629,257578895,0,eth0
2022-05-05 10:15:24.220092+00:00,0,1490723,72156323,15,0,221642,257584411,0,eth0
2022-05-05 10:15:39.206066+00:00,0,1490738,72157183,15,0,221652,257588594,0,eth0
2022-05-05 10:15:54.193507+00:00,0,1490753,72158084,15,0,221664,257594106,0,eth0
2022-05-05 10:16:09.208100+00:00,0,1490767,72158898,15,0,221673,257598248,0,eth0
2022-05-05 10:16:24.202758+00:00,0,1490781,72159747,15,0,221685,257603697,0,eth0
2022-05-05 10:16:39.259223+00:00,0,1490796,72160607,15,0,221695,257607887,0,eth0
2022-05-05 10:16:54.217019+00:00,0,1490810,72161456,15,0,221707,257613349,0,eth0
2022-05-05 10:17:09.214484+00:00,0,1490824,72162270,15,0,221716,257617519,0,eth0
2022-05-05 10:17:24.201464+00:00,0,1490839,72163165,15,0,221729,257623048,0,eth0
2022-05-05 10:17:39.202424+00:00,0,1490853,72163979,15,0,221738,257627159,0,eth0
2022-05-05 10:17:54.192656+00:00,0,1490867,72164828,15,0,221750,257632656,0,eth0
2022-05-05 10:18:09.210321+00:00,0,1490881,72165642,15,0,221759,257636796,0,eth0
2022-05-05 10:18:24.200819+00:00,0,1490896,72166537,15,0,221772,257642326,0,eth0
2022-05-05 10:18:39.200472+00:00,0,1490910,72167351,15,0,221781,257646454,0,eth0
2022-05-05 10:18:54.213034+00:00,0,1490925,72168252,15,0,221793,257651927,0,eth0
2022-05-05 10:19:09.197625+00:00,0,1490940,72169112,15,0,221803,257656147,0,eth0
2022-05-05 10:19:24.215177+00:00,0,1490954,72169961,15,0,221815,257661631,0,eth0
2022-05-05 10:19:39.225177+00:00,0,1490968,72170775,15,0,221824,257665791,0,eth0
2022-05-05 10:19:54.202264+00:00,0,1490982,72171624,15,0,221836,257671340,0,eth0
2022-05-05 10:20:09.197664+00:00,0,1490997,72172484,15,0,221846,257675548,0,eth0
2022-05-05 10:20:24.207038+00:00,0,1491011,72173333,15,0,221858,257681035,0,eth0
2022-05-05 10:20:39.201381+00:00,0,1491025,72174147,15,0,221867,257685178,0,eth0
2022-05-05 10:20:54.211112+00:00,0,1491041,72175094,15,0,221880,257690717,0,eth0
2022-05-05 10:21:09.200102+00:00,0,1491055,72175908,15,0,221889,257694901,0,eth0
2022-05-05 10:21:24.186627+00:00,0,1491069,72176757,15,0,221901,257700375,0,eth0
2022-05-05 10:21:39.198284+00:00,0,1491084,72177617,15,0,221911,257704572,0,eth0
2022-05-05 10:21:54.196719+00:00,0,1491098,72178466,15,0,221923,257710103,0,eth0
2022-05-05 10:22:09.205280+00:00,0,1491112,72179280,15,0,221932,257714254,0,eth0
2022-05-05 10:22:24.228235+00:00,0,1491128,72180227,15,0,221945,257719781,0,eth0
2022-05-05 10:22:39.194694+00:00,0,1491142,72181041,15,0,221954,257723930,0,eth0
2022-05-05 10:22:54.192467+00:00,0,1491157,72181942,15,0,221966,257729446,0,eth0
2022-05-05 10:23:09.211898+00:00,0,1491171,72182756,15,0,221975,257733606,0,eth0
2022-05-05 10:23:24.194393+00:00,0,1491187,72183703,15,0,221988,257739173,0,eth0
2022-05-05 10:23:39.247133+00:00,0,1491201,72184517,15,0,221997,257743331,0,eth0
2022-05-05 10:23:54.193135+00:00,0,1491216,72185418,15,0,222009,257748861,0,eth0
2022-05-05 10:24:09.193316+00:00,0,1491231,72186278,15,0,222019,257753037,0,eth0
2022-05-05 10:24:24.190797+00:00,0,1491245,72187127,15,0,222031,257758539,0,eth0
2022-05-05 10:24:39.185805+00:00,0,1491259,72187941,15,0,222040,257762679,0,eth0
2022-05-05 10:24:54.208440+00:00,0,1491275,72188888,15,0,222053,257768251,0,eth0
2022-05-05 10:25:09.195680+00:00,0,1491289,72189702,15,0,222062,257772406,0,eth0
2022-05-05 10:25:24.193180+00:00,0,1491303,72190551,15,0,222074,257777906,0,eth0
2022-05-05 10:25:39.191923+00:00,0,1491318,72191411,15,0,222084,257782088,0,eth0
2022-05-05 10:25:54.188474+00:00,0,1491332,72192260,15,0,222096,257787551,0,eth0
