total,used_pct,used_bytes,actual_free,actual_used_pct,actual_used_bytes,page_stats_pgsteal_direct_pages,page_stats_pgsteal_kswapd_pages,page_stats_direct_efficiency_pct,page_stats_kswapd_efficiency_pct,page_stats_pgfree_pages,page_stats_pgscan_kswapd_pages,page_stats_pgscan_direct_pages,swap_in_pages,swap_readahead_pages,swap_readahead_cached,swap_used_pct,swap_used_bytes,swap_total,swap_free,swap_out_pages,free,hugepages_swap_out_pages,hugepages_swap_out_fallback,hugepages_total,hugepages_used_pct,hugepages_used_bytes,hugepages_default_size,hugepages_free,hugepages_surplus,hugepages_reserved,utctimestamp
1028845568,0.9126,938954752,611532800,0.4056,417312768,125,552583,1,0.8723,18497109,633473,125,0,0,0,0,0,0,0,0,89890816,0,0,0,0,0,2097152,0,0,0,2022-05-05T04:58:18.308816+00:00
1028845568,0.9126,938954752,611536896,0.4056,417308672,125,552583,1,0.8723,18497223,633473,125,0,0,0,0,0,0,0,0,89890816,0,0,0,0,0,2097152,0,0,0,2022-05-05T04:58:32.825474+00:00
1028845568,0.9126,938954752,611627008,0.4055,417218560,125,552583,1,0.8723,18499066,633473,125,0,0,0,0,0,0,0,0,89890816,0,0,0,0,0,2097152,0,0,0,2022-05-05T05:03:48.332923+00:00
1028845568,0.9126,938921984,611659776,0.4055,417185792,125,552583,1,0.8723,18499176,633473,125,0,0,0,0,0,0,0,0,89923584,0,0,0,0,0,2097152,0,0,0,2022-05-05T05:04:02.818662+00:00
1028845568,0.9126,938921984,611659776,0.4055,417185792,125,552583,1,0.8723,18499247,633473,125,0,0,0,0,0,0,0,0,89923584,0,0,0,0,0,2097152,0,0,0,2022-05-05T05:04:18.298112+00:00
1028845568,0.9126,938921984,611663872,0.4055,417181696,125,552583,1,0.8723,18499361,633473,125,0,0,0,0,0,0,0,0,89923584,0,0,0,0,0,2097152,0,0,0,2022-05-05T05:04:32.792310+00:00
1028845568,0.9126,938913792,611700736,0.4054,417144832,125,552583,1,0.8723,18499956,633473,125,0,0,0,0,0,0,0,0,89931776,0,0,0,0,0,2097152,0,0,0,2022-05-05T05:06:18.315736+00:00
1028845568,0.9126,938913792,611700736,0.4054,417144832,125,552583,1,0.8723,18500070,633473,125,0,0,0,0,0,0,0,0,89931776,0,0,0,0,0,2097152,0,0,0,2022-05-05T05:06:32.818507+00:00
1028845568,0.9126,938946560,611651584,0.4055,417193984,125,552583,1,0.8723,18499599,633473,125,0,0,0,0,0,0,0,0,89899008,0,0,0,0,0,2097152,0,0,0,2022-05-05T05:05:18.298587+00:00
1028845568,0.9126,938946560,611663872,0.4055,417181696,125,552583,1,0.8723,18499710,633473,125,0,0,0,0,0,0,0,0,89899008,0,0,0,0,0,2097152,0,0,0,2022-05-05T05:05:32.811501+00:00
1028845568,0.9126,938954752,611594240,0.4056,417251328,125,552583,1,0.8723,18498704,633473,125,0,0,0,0,0,0,0,0,89890816,0,0,0,0,0,2097152,0,0,0,2022-05-05T05:02:48.300539+00:00
1028845568,0.9126,938954752,611606528,0.4055,417239040,125,552583,1,0.8723,18498813,633473,125,0,0,0,0,0,0,0,0,89890816,0,0,0,0,0,2097152,0,0,0,2022-05-05T05:03:02.825870+00:00
1028845568,0.9126,938954752,611606528,0.4055,417239040,125,552583,1,0.8723,18498884,633473,125,0,0,0,0,0,0,0,0,89890816,0,0,0,0,0,2097152,0,0,0,2022-05-05T05:03:18.300415+00:00
1028845568,0.9126,938954752,611610624,0.4055,417234944,125,552583,1,0.8723,18498995,633473,125,0,0,0,0,0,0,0,0,89890816,0,0,0,0,0,2097152,0,0,0,2022-05-05T05:03:32.826302+00:00
1028845568,0.9126,938921984,611627008,0.4055,417218560,125,552583,1,0.8723,18498530,633473,125,0,0,0,0,0,0,0,0,89923584,0,0,0,0,0,2097152,0,0,0,2022-05-05T05:02:18.317437+00:00
1028845568,0.9126,938921984,611627008,0.4055,417218560,125,552583,1,0.8723,18498644,633473,125,0,0,0,0,0,0,0,0,89923584,0,0,0,0,0,2097152,0,0,0,2022-05-05T05:02:32.820062+00:00
1028845568,0.9126,938946560,611631104,0.4055,417214464,125,552583,1,0.8723,18499421,633473,125,0,0,0,0,0,0,0,0,89899008,0,0,0,0,0,2097152,0,0,0,2022-05-05T05:04:48.307647+00:00
1028845568,0.9126,938946560,611651584,0.4055,417193984,125,552583,1,0.8723,18499531,633473,125,0,0,0,0,0,0,0,0,89899008,0,0,0,0,0,2097152,0,0,0,2022-05-05T05:05:02.843278+00:00
1028845568,0.9126,938946560,611663872,0.4055,417181696,125,552583,1,0.8723,18499778,633473,125,0,0,0,0,0,0,0,0,89899008,0,0,0,0,0,2097152,0,0,0,2022-05-05T05:05:48.296256+00:00
1028845568,0.9126,938946560,611663872,0.4055,417181696,125,552583,1,0.8723,18499888,633473,125,0,0,0,0,0,0,0,0,89899008,0,0,0,0,0,2097152,0,0,0,2022-05-05T05:06:02.812346+00:00
1028845568,0.9144,940752896,610930688,0.4062,417914880,125,552583,1,0.8723,18512939,633473,125,0,0,0,0,0,0,0,0,88092672,0,0,0,0,0,2097152,0,0,0,2022-05-05T05:28:18.273538+00:00
1028845568,0.9144,940752896,610930688,0.4062,417914880,125,552583,1,0.8723,18513053,633473,125,0,0,0,0,0,0,0,0,88092672,0,0,0,0,0,2097152,0,0,0,2022-05-05T05:28:32.771399+00:00
1028845568,0.9144,940752896,610897920,0.4062,417947648,125,552583,1,0.8723,18512228,633473,125,0,0,0,0,0,0,0,0,88092672,0,0,0,0,0,2097152,0,0,0,2022-05-05T05:26:18.267162+00:00
1028845568,0.9144,940752896,610902016,0.4062,417943552,125,552583,1,0.8723,18512342,633473,125,0,0,0,0,0,0,0,0,88092672,0,0,0,0,0,2097152,0,0,0,2022-05-05T05:26:32.762688+00:00
1028845568,0.9144,940752896,610910208,0.4062,417935360,125,552583,1,0.8723,18512588,633473,125,0,0,0,0,0,0,0,0,88092672,0,0,0,0,0,2097152,0,0,0,2022-05-05T05:27:18.267263+00:00
1028845568,0.9143,940720128,610947072,0.4062,417898496,125,552583,1,0.8723,18512699,633473,125,0,0,0,0,0,0,0,0,88125440,0,0,0,0,0,2097152,0,0,0,2022-05-05T05:27:32.782935+00:00
1028845568,0.9144,940752896,610934784,0.4062,417910784,125,552583,1,0.8723,18513124,633473,125,0,0,0,0,0,0,0,0,88092672,0,0,0,0,0,2097152,0,0,0,2022-05-05T05:28:48.262771+00:00
1028845568,0.9144,940752896,610934784,0.4062,417910784,125,552583,1,0.8723,18513234,633473,125,0,0,0,0,0,0,0,0,88092672,0,0,0,0,0,2097152,0,0,0,2022-05-05T05:29:02.776636+00:00
1028845568,0.9144,940752896,610910208,0.4062,417935360,125,552583,1,0.8723,18512410,633473,125,0,0,0,0,0,0,0,0,88092672,0,0,0,0,0,2097152,0,0,0,2022-05-05T05:26:48.270929+00:00
1028845568,0.9144,940752896,610910208,0.4062,417935360,125,552583,1,0.8723,18512520,633473,125,0,0,0,0,0,0,0,0,88092672,0,0,0,0,0,2097152,0,0,0,2022-05-05T05:27:02.792484+00:00
1028845568,0.9134,939737088,611893248,0.4053,416952320,125,552583,1,0.8723,18511379,633473,125,0,0,0,0,0,0,0,0,89108480,0,0,0,0,0,2097152,0,0,0,2022-05-05T05:24:48.265738+00:00
1028845568,0.9134,939737088,611917824,0.4052,416927744,125,552583,1,0.8723,18511488,633473,125,0,0,0,0,0,0,0,0,89108480,0,0,0,0,0,2097152,0,0,0,2022-05-05T05:25:02.803154+00:00
1028845568,0.9134,939737088,611917824,0.4052,416927744,125,552583,1,0.8723,18511557,633473,125,0,0,0,0,0,0,0,0,89108480,0,0,0,0,0,2097152,0,0,0,2022-05-05T05:25:18.268171+00:00
1028845568,0.9134,939737088,611921920,0.4052,416923648,125,552583,1,0.8723,18511667,633473,125,0,0,0,0,0,0,0,0,89108480,0,0,0,0,0,2097152,0,0,0,2022-05-05T05:25:32.792766+00:00
1028845568,0.9143,940720128,610947072,0.4062,417898496,125,552583,1,0.8723,18512767,633473,125,0,0,0,0,0,0,0,0,88125440,0,0,0,0,0,2097152,0,0,0,2022-05-05T05:27:48.276263+00:00
1028845568,0.9144,940752896,610926592,0.4062,417918976,125,552583,1,0.8723,18512868,633473,125,0,0,0,0,0,0,0,0,88092672,0,0,0,0,0,2097152,0,0,0,2022-05-05T05:28:02.785539+00:00
1028845568,0.9134,939704320,611954688,0.4052,416890880,125,552583,1,0.8723,18511735,633473,125,0,0,0,0,0,0,0,0,89141248,0,0,0,0,0,2097152,0,0,0,2022-05-05T05:25:48.263307+00:00
1028845568,0.9134,939704320,611958784,0.4052,416886784,125,552583,1,0.8723,18511845,633473,125,0,0,0,0,0,0,0,0,89141248,0,0,0,0,0,2097152,0,0,0,2022-05-05T05:26:02.789755+00:00
1028845568,0.9167,943120384,609738752,0.4074,419106816,125,552583,1,0.8723,18528774,633473,125,0,0,0,0,0,0,0,0,85725184,0,0,0,0,0,2097152,0,0,0,2022-05-05T05:47:32.725485+00:00
1028845568,0.9167,943120384,609746944,0.4073,419098624,125,552583,1,0.8723,18528842,633473,125,0,0,0,0,0,0,0,0,85725184,0,0,0,0,0,2097152,0,0,0,2022-05-05T05:47:48.234086+00:00
1028845568,0.9154,941826048,611020800,0.4061,417824768,125,552583,1,0.8723,18531431,633473,125,0,0,0,0,0,0,0,0,87019520,0,0,0,0,0,2097152,0,0,0,2022-05-05T05:49:02.761679+00:00
1028845568,0.9154,941793280,611053568,0.4061,417792000,125,552583,1,0.8723,18531502,633473,125,0,0,0,0,0,0,0,0,87052288,0,0,0,0,0,2097152,0,0,0,2022-05-05T05:49:18.230292+00:00
1028845568,0.9154,941793280,611098624,0.406,417746944,125,552583,1,0.8723,18532140,633473,125,0,0,0,0,0,0,0,0,87052288,0,0,0,0,0,2097152,0,0,0,2022-05-05T05:51:02.721224+00:00
1028845568,0.9154,941793280,611098624,0.406,417746944,125,552583,1,0.8723,18532208,633473,125,0,0,0,0,0,0,0,0,87052288,0,0,0,0,0,2097152,0,0,0,2022-05-05T05:51:18.227660+00:00
1028845568,0.9154,941793280,611057664,0.4061,417787904,125,552583,1,0.8723,18531613,633473,125,0,0,0,0,0,0,0,0,87052288,0,0,0,0,0,2097152,0,0,0,2022-05-05T05:49:32.749878+00:00
1028845568,0.9154,941826048,611028992,0.4061,417816576,125,552583,1,0.8723,18531671,633473,125,0,0,0,0,0,0,0,0,87019520,0,0,0,0,0,2097152,0,0,0,2022-05-05T05:49:48.229714+00:00
1028845568,0.9154,941826048,611049472,0.4061,417796096,125,552583,1,0.8723,18531780,633473,125,0,0,0,0,0,0,0,0,87019520,0,0,0,0,0,2097152,0,0,0,2022-05-05T05:50:02.769535+00:00
1028845568,0.9154,941826048,611049472,0.4061,417796096,125,552583,1,0.8723,18531849,633473,125,0,0,0,0,0,0,0,0,87019520,0,0,0,0,0,2097152,0,0,0,2022-05-05T05:50:18.252119+00:00
1028845568,0.9154,941826048,611061760,0.4061,417783808,125,552583,1,0.8723,18531962,633473,125,0,0,0,0,0,0,0,0,87019520,0,0,0,0,0,2097152,0,0,0,2022-05-05T05:50:32.753479+00:00
1028845568,0.9154,941826048,611061760,0.4061,417783808,125,552583,1,0.8723,18532031,633473,125,0,0,0,0,0,0,0,0,87019520,0,0,0,0,0,2097152,0,0,0,2022-05-05T05:50:48.228468+00:00
1028845568,0.9167,943153152,609714176,0.4074,419131392,125,552583,1,0.8723,18528945,633473,125,0,0,0,0,0,0,0,0,85692416,0,0,0,0,0,2097152,0,0,0,2022-05-05T05:48:02.725094+00:00
1028845568,0.9154,941826048,611008512,0.4061,417837056,125,552583,1,0.8723,18531136,633473,125,0,0,0,0,0,0,0,0,87019520,0,0,0,0,0,2097152,0,0,0,2022-05-05T05:48:18.233155+00:00
1028845568,0.9154,941826048,611012608,0.4061,417832960,125,552583,1,0.8723,18531251,633473,125,0,0,0,0,0,0,0,0,87019520,0,0,0,0,0,2097152,0,0,0,2022-05-05T05:48:32.756272+00:00
1028845568,0.9154,941826048,611012608,0.4061,417832960,125,552583,1,0.8723,18531321,633473,125,0,0,0,0,0,0,0,0,87019520,0,0,0,0,0,2097152,0,0,0,2022-05-05T05:48:48.261194+00:00
1028845568,0.9154,941793280,611106816,0.406,417738752,125,552583,1,0.8723,18532319,633473,125,0,0,0,0,0,0,0,0,87052288,0,0,0,0,0,2097152,0,0,0,2022-05-05T05:51:32.748334+00:00
1028845568,0.9154,941826048,611074048,0.4061,417771520,125,552583,1,0.8723,18532379,633473,125,0,0,0,0,0,0,0,0,87019520,0,0,0,0,0,2097152,0,0,0,2022-05-05T05:51:48.234112+00:00
1028845568,0.9157,942116864,611209216,0.4059,417636352,125,552583,1,0.8723,18546620,633473,125,0,0,0,0,0,0,0,0,86728704,0,0,0,0,0,2097152,0,0,0,2022-05-05T06:17:32.705308+00:00
1028845568,0.9157,942084096,611250176,0.4059,417595392,125,552583,1,0.8723,18546688,633473,125,0,0,0,0,0,0,0,0,86761472,0,0,0,0,0,2097152,0,0,0,2022-05-05T06:17:48.190083+00:00
1028845568,0.9157,942084096,611192832,0.4059,417652736,125,552583,1,0.8723,18545535,633473,125,0,0,0,0,0,0,0,0,86761472,0,0,0,0,0,2097152,0,0,0,2022-05-05T06:14:32.710125+00:00
1028845568,0.9157,942084096,611196928,0.4059,417648640,125,552583,1,0.8723,18545614,633473,125,0,0,0,0,0,0,0,0,86761472,0,0,0,0,0,2097152,0,0,0,2022-05-05T06:14:48.192406+00:00
1028845568,0.9157,942116864,611201024,0.4059,417644544,125,552583,1,0.8723,18546441,633473,125,0,0,0,0,0,0,0,0,86728704,0,0,0,0,0,2097152,0,0,0,2022-05-05T06:17:02.710441+00:00
1028845568,0.9157,942116864,611205120,0.4059,417640448,125,552583,1,0.8723,18546509,633473,125,0,0,0,0,0,0,0,0,86728704,0,0,0,0,0,2097152,0,0,0,2022-05-05T06:17:18.188842+00:00
1028845568,0.9157,942116864,611201024,0.4059,417644544,125,552583,1,0.8723,18546263,633473,125,0,0,0,0,0,0,0,0,86728704,0,0,0,0,0,2097152,0,0,0,2022-05-05T06:16:32.718266+00:00
1028845568,0.9157,942116864,611201024,0.4059,417644544,125,552583,1,0.8723,18546331,633473,125,0,0,0,0,0,0,0,0,86728704,0,0,0,0,0,2097152,0,0,0,2022-05-05T06:16:48.188544+00:00
1028845568,0.9157,942116864,611184640,0.406,417660928,125,552583,1,0.8723,18545894,633473,125,0,0,0,0,0,0,0,0,86728704,0,0,0,0,0,2097152,0,0,0,2022-05-05T06:15:32.707697+00:00
1028845568,0.9157,942116864,611184640,0.406,417660928,125,552583,1,0.8723,18545963,633473,125,0,0,0,0,0,0,0,0,86728704,0,0,0,0,0,2097152,0,0,0,2022-05-05T06:15:48.186781+00:00
1028845568,0.9157,942116864,611180544,0.406,417665024,125,552583,1,0.8723,18545715,633473,125,0,0,0,0,0,0,0,0,86728704,0,0,0,0,0,2097152,0,0,0,2022-05-05T06:15:02.746164+00:00
1028845568,0.9157,942116864,611180544,0.406,417665024,125,552583,1,0.8723,18545784,633473,125,0,0,0,0,0,0,0,0,86728704,0,0,0,0,0,2097152,0,0,0,2022-05-05T06:15:18.193615+00:00
1028845568,0.9157,942116864,611135488,0.406,417710080,125,552583,1,0.8723,18545346,633473,125,0,0,0,0,0,0,0,0,86728704,0,0,0,0,0,2097152,0,0,0,2022-05-05T06:14:02.695014+00:00
1028845568,0.9157,942084096,611180544,0.406,417665024,125,552583,1,0.8723,18545421,633473,125,0,0,0,0,0,0,0,0,86761472,0,0,0,0,0,2097152,0,0,0,2022-05-05T06:14:18.192415+00:00
1028845568,0.9157,942084096,611221504,0.4059,417624064,125,552583,1,0.8723,18546072,633473,125,0,0,0,0,0,0,0,0,86761472,0,0,0,0,0,2097152,0,0,0,2022-05-05T06:16:02.721582+00:00
1028845568,0.9157,942084096,611221504,0.4059,417624064,125,552583,1,0.8723,18546157,633473,125,0,0,0,0,0,0,0,0,86761472,0,0,0,0,0,2097152,0,0,0,2022-05-05T06:16:18.212421+00:00
1028845568,0.9157,942084096,611250176,0.4059,417595392,125,552583,1,0.8723,18546799,633473,125,0,0,0,0,0,0,0,0,86761472,0,0,0,0,0,2097152,0,0,0,2022-05-05T06:18:02.719354+00:00
1028845568,0.9157,942116864,611217408,0.4059,417628160,125,552583,1,0.8723,18546879,633473,125,0,0,0,0,0,0,0,0,86728704,0,0,0,0,0,2097152,0,0,0,2022-05-05T06:18:18.182697+00:00
1028845568,0.9162,942649344,611172352,0.406,417673216,125,552583,1,0.8723,18563597,633473,125,0,0,0,0,0,0,0,0,86196224,0,0,0,0,0,2097152,0,0,0,2022-05-05T06:49:02.664132+00:00
1028845568,0.9162,942616576,611205120,0.4059,417640448,125,552583,1,0.8723,18563668,633473,125,0,0,0,0,0,0,0,0,86228992,0,0,0,0,0,2097152,0,0,0,2022-05-05T06:49:18.150649+00:00
1028845568,0.9162,942616576,611217408,0.4059,417628160,125,552583,1,0.8723,18563779,633473,125,0,0,0,0,0,0,0,0,86228992,0,0,0,0,0,2097152,0,0,0,2022-05-05T06:49:32.662947+00:00
1028845568,0.9162,942649344,611184640,0.406,417660928,125,552583,1,0.8723,18563836,633473,125,0,0,0,0,0,0,0,0,86196224,0,0,0,0,0,2097152,0,0,0,2022-05-05T06:49:48.136887+00:00
1028845568,0.9162,942649344,611233792,0.4059,417611776,125,552583,1,0.8723,18564654,633473,125,0,0,0,0,0,0,0,0,86196224,0,0,0,0,0,2097152,0,0,0,2022-05-05T06:52:02.678808+00:00
1028845568,0.9162,942649344,611233792,0.4059,417611776,125,552583,1,0.8723,18564723,633473,125,0,0,0,0,0,0,0,0,86196224,0,0,0,0,0,2097152,0,0,0,2022-05-05T06:52:18.134955+00:00
1028845568,0.9162,942649344,611209216,0.4059,417636352,125,552583,1,0.8723,18563946,633473,125,0,0,0,0,0,0,0,0,86196224,0,0,0,0,0,2097152,0,0,0,2022-05-05T06:50:02.657366+00:00
1028845568,0.9162,942649344,611213312,0.4059,417632256,125,552583,1,0.8723,18564014,633473,125,0,0,0,0,0,0,0,0,86196224,0,0,0,0,0,2097152,0,0,0,2022-05-05T06:50:18.136730+00:00
1028845568,0.9162,942649344,611151872,0.406,417693696,125,552583,1,0.8723,18563231,633473,125,0,0,0,0,0,0,0,0,86196224,0,0,0,0,0,2097152,0,0,0,2022-05-05T06:48:02.684551+00:00
1028845568,0.9162,942649344,611155968,0.406,417689600,125,552583,1,0.8723,18563302,633473,125,0,0,0,0,0,0,0,0,86196224,0,0,0,0,0,2097152,0,0,0,2022-05-05T06:48:18.140063+00:00
1028845568,0.9162,942616576,611246080,0.4059,417599488,125,552583,1,0.8723,18564306,633473,125,0,0,0,0,0,0,0,0,86228992,0,0,0,0,0,2097152,0,0,0,2022-05-05T06:51:02.665535+00:00
1028845568,0.9162,942616576,611254272,0.4059,417591296,125,552583,1,0.8723,18564374,633473,125,0,0,0,0,0,0,0,0,86228992,0,0,0,0,0,2097152,0,0,0,2022-05-05T06:51:18.135213+00:00
1028845568,0.9162,942649344,611225600,0.4059,417619968,125,552583,1,0.8723,18564477,633473,125,0,0,0,0,0,0,0,0,86196224,0,0,0,0,0,2097152,0,0,0,2022-05-05T06:51:32.640218+00:00
1028845568,0.9162,942649344,611233792,0.4059,417611776,125,552583,1,0.8723,18564545,633473,125,0,0,0,0,0,0,0,0,86196224,0,0,0,0,0,2097152,0,0,0,2022-05-05T06:51:48.135853+00:00
1028845568,0.9162,942649344,611168256,0.406,417677312,125,552583,1,0.8723,18563416,633473,125,0,0,0,0,0,0,0,0,86196224,0,0,0,0,0,2097152,0,0,0,2022-05-05T06:48:32.656192+00:00
1028845568,0.9162,942649344,611172352,0.406,417673216,125,552583,1,0.8723,18563487,633473,125,0,0,0,0,0,0,0,0,86196224,0,0,0,0,0,2097152,0,0,0,2022-05-05T06:48:48.150728+00:00
1028845568,0.9162,942649344,611213312,0.4059,417632256,125,552583,1,0.8723,18564128,633473,125,0,0,0,0,0,0,0,0,86196224,0,0,0,0,0,2097152,0,0,0,2022-05-05T06:50:32.688156+00:00
1028845568,0.9162,942649344,611213312,0.4059,417632256,125,552583,1,0.8723,18564196,633473,125,0,0,0,0,0,0,0,0,86196224,0,0,0,0,0,2097152,0,0,0,2022-05-05T06:50:48.163599+00:00
1028845568,0.9167,943165440,611131392,0.406,417714176,125,552583,1,0.8723,18579059,633473,125,0,0,0,0,0,0,0,0,85680128,0,0,0,0,0,2097152,0,0,0,2022-05-05T07:16:32.633849+00:00
1028845568,0.9167,943165440,611131392,0.406,417714176,125,552583,1,0.8723,18579127,633473,125,0,0,0,0,0,0,0,0,85680128,0,0,0,0,0,2097152,0,0,0,2022-05-05T07:16:48.106581+00:00
1028845568,0.9167,943165440,611131392,0.406,417714176,125,552583,1,0.8723,18579236,633473,125,0,0,0,0,0,0,0,0,85680128,0,0,0,0,0,2097152,0,0,0,2022-05-05T07:17:02.616646+00:00
1028845568,0.9167,943132672,611131392,0.406,417714176,125,552583,1,0.8723,18578361,633473,125,0,0,0,0,0,0,0,0,85712896,0,0,0,0,0,2097152,0,0,0,2022-05-05T07:14:32.621787+00:00
1028845568,0.9167,943165440,611094528,0.406,417751040,125,552583,1,0.8723,18578419,633473,125,0,0,0,0,0,0,0,0,85680128,0,0,0,0,0,2097152,0,0,0,2022-05-05T07:14:48.101292+00:00
1028845568,0.9167,943165440,611110912,0.406,417734656,125,552583,1,0.8723,18578528,633473,125,0,0,0,0,0,0,0,0,85680128,0,0,0,0,0,2097152,0,0,0,2022-05-05T07:15:02.620077+00:00
1028845568,0.9167,943165440,611110912,0.406,417734656,125,552583,1,0.8723,18578596,633473,125,0,0,0,0,0,0,0,0,85680128,0,0,0,0,0,2097152,0,0,0,2022-05-05T07:15:18.111157+00:00
1028845568,0.9167,943165440,611115008,0.406,417730560,125,552583,1,0.8723,18578707,633473,125,0,0,0,0,0,0,0,0,85680128,0,0,0,0,0,2097152,0,0,0,2022-05-05T07:15:32.625440+00:00
1028845568,0.9167,943165440,611119104,0.406,417726464,125,552583,1,0.8723,18578775,633473,125,0,0,0,0,0,0,0,0,85680128,0,0,0,0,0,2097152,0,0,0,2022-05-05T07:15:48.098379+00:00
1028845568,0.9167,943132672,611151872,0.406,417693696,125,552583,1,0.8723,18578885,633473,125,0,0,0,0,0,0,0,0,85712896,0,0,0,0,0,2097152,0,0,0,2022-05-05T07:16:02.596211+00:00
1028845568,0.9167,943132672,611160064,0.406,417685504,125,552583,1,0.8723,18578953,633473,125,0,0,0,0,0,0,0,0,85712896,0,0,0,0,0,2097152,0,0,0,2022-05-05T07:16:18.106408+00:00
1028845568,0.9167,943132672,611172352,0.406,417673216,125,552583,1,0.8723,18579484,633473,125,0,0,0,0,0,0,0,0,85712896,0,0,0,0,0,2097152,0,0,0,2022-05-05T07:17:48.092999+00:00
1028845568,0.9167,943132672,611176448,0.406,417669120,125,552583,1,0.8723,18579593,633473,125,0,0,0,0,0,0,0,0,85712896,0,0,0,0,0,2097152,0,0,0,2022-05-05T07:18:02.654318+00:00
1028845568,0.9167,943165440,611143680,0.406,417701888,125,552583,1,0.8723,18579656,633473,125,0,0,0,0,0,0,0,0,85680128,0,0,0,0,0,2097152,0,0,0,2022-05-05T07:18:18.096347+00:00
1028845568,0.9167,943165440,611160064,0.406,417685504,125,552583,1,0.8723,18579770,633473,125,0,0,0,0,0,0,0,0,85680128,0,0,0,0,0,2097152,0,0,0,2022-05-05T07:18:32.610561+00:00
1028845568,0.9167,943165440,611135488,0.406,417710080,125,552583,1,0.8723,18579305,633473,125,0,0,0,0,0,0,0,0,85680128,0,0,0,0,0,2097152,0,0,0,2022-05-05T07:17:18.096386+00:00
1028845568,0.9167,943165440,611135488,0.406,417710080,125,552583,1,0.8723,18579415,633473,125,0,0,0,0,0,0,0,0,85680128,0,0,0,0,0,2097152,0,0,0,2022-05-05T07:17:32.620393+00:00
1028845568,0.9167,943165440,611160064,0.406,417685504,125,552583,1,0.8723,18579841,633473,125,0,0,0,0,0,0,0,0,85680128,0,0,0,0,0,2097152,0,0,0,2022-05-05T07:18:48.096291+00:00
1028845568,0.9167,943165440,611160064,0.406,417685504,125,552583,1,0.8723,18579951,633473,125,0,0,0,0,0,0,0,0,85680128,0,0,0,0,0,2097152,0,0,0,2022-05-05T07:19:02.588638+00:00
1028845568,0.9175,943955968,610856960,0.4063,417988608,125,552583,1,0.8723,18594758,633473,125,0,0,0,0,0,0,0,0,84889600,0,0,0,0,0,2097152,0,0,0,2022-05-05T07:45:48.065375+00:00
1028845568,0.9175,943923200,610893824,0.4062,417951744,125,552583,1,0.8723,18594872,633473,125,0,0,0,0,0,0,0,0,84922368,0,0,0,0,0,2097152,0,0,0,2022-05-05T07:46:02.573853+00:00
1028845568,0.9175,943955968,610877440,0.4062,417968128,125,552583,1,0.8723,18595806,633473,125,0,0,0,0,0,0,0,0,84889600,0,0,0,0,0,2097152,0,0,0,2022-05-05T07:47:48.048577+00:00
1028845568,0.9175,943923200,610910208,0.4062,417935360,125,552583,1,0.8723,18595916,633473,125,0,0,0,0,0,0,0,0,84922368,0,0,0,0,0,2097152,0,0,0,2022-05-05T07:48:02.567196+00:00
1028845568,0.9175,943955968,610861056,0.4063,417984512,125,552583,1,0.8723,18595432,633473,125,0,0,0,0,0,0,0,0,84889600,0,0,0,0,0,2097152,0,0,0,2022-05-05T07:46:48.067340+00:00
1028845568,0.9175,943955968,610869248,0.4063,417976320,125,552583,1,0.8723,18595558,633473,125,0,0,0,0,0,0,0,0,84889600,0,0,0,0,0,2097152,0,0,0,2022-05-05T07:47:02.578556+00:00
1028845568,0.9175,943955968,610906112,0.4062,417939456,125,552583,1,0.8723,18596194,633473,125,0,0,0,0,0,0,0,0,84889600,0,0,0,0,0,2097152,0,0,0,2022-05-05T07:48:48.051273+00:00
1028845568,0.9175,943955968,610906112,0.4062,417939456,125,552583,1,0.8723,18596305,633473,125,0,0,0,0,0,0,0,0,84889600,0,0,0,0,0,2097152,0,0,0,2022-05-05T07:49:02.571994+00:00
1028845568,0.9175,943955968,610873344,0.4063,417972224,125,552583,1,0.8723,18595627,633473,125,0,0,0,0,0,0,0,0,84889600,0,0,0,0,0,2097152,0,0,0,2022-05-05T07:47:18.049915+00:00
1028845568,0.9175,943955968,610873344,0.4063,417972224,125,552583,1,0.8723,18595737,633473,125,0,0,0,0,0,0,0,0,84889600,0,0,0,0,0,2097152,0,0,0,2022-05-05T07:47:32.567557+00:00
1028845568,0.9175,943955968,610881536,0.4062,417964032,125,552583,1,0.8723,18595979,633473,125,0,0,0,0,0,0,0,0,84889600,0,0,0,0,0,2097152,0,0,0,2022-05-05T07:48:18.057599+00:00
1028845568,0.9175,943955968,610906112,0.4062,417939456,125,552583,1,0.8723,18596093,633473,125,0,0,0,0,0,0,0,0,84889600,0,0,0,0,0,2097152,0,0,0,2022-05-05T07:48:32.543610+00:00
1028845568,0.9175,943923200,610893824,0.4062,417951744,125,552583,1,0.8723,18594940,633473,125,0,0,0,0,0,0,0,0,84922368,0,0,0,0,0,2097152,0,0,0,2022-05-05T07:46:18.052097+00:00
1028845568,0.9175,943955968,610861056,0.4063,417984512,125,552583,1,0.8723,18595363,633473,125,0,0,0,0,0,0,0,0,84889600,0,0,0,0,0,2097152,0,0,0,2022-05-05T07:46:32.552848+00:00
1028845568,0.9175,943955968,610914304,0.4062,417931264,125,552583,1,0.8723,18596375,633473,125,0,0,0,0,0,0,0,0,84889600,0,0,0,0,0,2097152,0,0,0,2022-05-05T07:49:18.043748+00:00
1028845568,0.9175,943923200,610947072,0.4062,417898496,125,552583,1,0.8723,18596487,633473,125,0,0,0,0,0,0,0,0,84922368,0,0,0,0,0,2097152,0,0,0,2022-05-05T07:49:32.585440+00:00
1028845568,0.9175,943923200,610942976,0.4062,417902592,125,552583,1,0.8723,18596552,633473,125,0,0,0,0,0,0,0,0,84922368,0,0,0,0,0,2097152,0,0,0,2022-05-05T07:49:48.067569+00:00
1028845568,0.9175,943955968,610930688,0.4062,417914880,125,552583,1,0.8723,18596654,633473,125,0,0,0,0,0,0,0,0,84889600,0,0,0,0,0,2097152,0,0,0,2022-05-05T07:50:02.569033+00:00
1028845568,0.9126,938921984,611381248,0.4058,417464320,125,552583,1,0.8723,18493217,633473,125,0,0,0,0,0,0,0,0,89923584,0,0,0,0,0,2097152,0,0,0,2022-05-05T04:47:48.326058+00:00
1028845568,0.9126,938921984,611385344,0.4058,417460224,125,552583,1,0.8723,18493327,633473,125,0,0,0,0,0,0,0,0,89923584,0,0,0,0,0,2097152,0,0,0,2022-05-05T04:48:02.820406+00:00
1028845568,0.9126,938954752,611340288,0.4058,417505280,125,552583,1,0.8723,18493021,633473,125,0,0,0,0,0,0,0,0,89890816,0,0,0,0,0,2097152,0,0,0,2022-05-05T04:47:18.330376+00:00
1028845568,0.9126,938954752,611344384,0.4058,417501184,125,552583,1,0.8723,18493148,633473,125,0,0,0,0,0,0,0,0,89890816,0,0,0,0,0,2097152,0,0,0,2022-05-05T04:47:32.839696+00:00
1028845568,0.9126,938954752,611336192,0.4058,417509376,125,552583,1,0.8723,18492843,633473,125,0,0,0,0,0,0,0,0,89890816,0,0,0,0,0,2097152,0,0,0,2022-05-05T04:46:48.335810+00:00
1028845568,0.9126,938954752,611340288,0.4058,417505280,125,552583,1,0.8723,18492952,633473,125,0,0,0,0,0,0,0,0,89890816,0,0,0,0,0,2097152,0,0,0,2022-05-05T04:47:02.820111+00:00
1028845568,0.9126,938921984,611356672,0.4058,417488896,125,552583,1,0.8723,18492160,633473,125,0,0,0,0,0,0,0,0,89923584,0,0,0,0,0,2097152,0,0,0,2022-05-05T04:45:48.331305+00:00
1028845568,0.9126,938921984,611356672,0.4058,417488896,125,552583,1,0.8723,18492282,633473,125,0,0,0,0,0,0,0,0,89923584,0,0,0,0,0,2097152,0,0,0,2022-05-05T04:46:02.842449+00:00
1028845568,0.9126,938954752,611442688,0.4057,417402880,125,552583,1,0.8723,18495036,633473,125,0,0,0,0,0,0,0,0,89890816,0,0,0,0,0,2097152,0,0,0,2022-05-05T04:52:48.322270+00:00
1028845568,0.9126,938954752,611450880,0.4057,417394688,125,552583,1,0.8723,18495147,633473,125,0,0,0,0,0,0,0,0,89890816,0,0,0,0,0,2097152,0,0,0,2022-05-05T04:53:02.836500+00:00
1028845568,0.9126,938954752,611430400,0.4057,417415168,125,552583,1,0.8723,18494854,633473,125,0,0,0,0,0,0,0,0,89890816,0,0,0,0,0,2097152,0,0,0,2022-05-05T04:52:18.316744+00:00
1028845568,0.9126,938954752,611434496,0.4057,417411072,125,552583,1,0.8723,18494968,633473,125,0,0,0,0,0,0,0,0,89890816,0,0,0,0,0,2097152,0,0,0,2022-05-05T04:52:32.848841+00:00
1028845568,0.9126,938954752,611147776,0.406,417697792,125,552583,1,0.8723,18491981,633473,125,0,0,0,0,0,0,0,0,89890816,0,0,0,0,0,2097152,0,0,0,2022-05-05T04:45:18.326579+00:00
1028845568,0.9126,938954752,611147776,0.406,417697792,125,552583,1,0.8723,18492092,633473,125,0,0,0,0,0,0,0,0,89890816,0,0,0,0,0,2097152,0,0,0,2022-05-05T04:45:32.851027+00:00
1028845568,0.9126,938954752,611414016,0.4057,417431552,125,552583,1,0.8723,18494506,633473,125,0,0,0,0,0,0,0,0,89890816,0,0,0,0,0,2097152,0,0,0,2022-05-05T04:51:18.325536+00:00
1028845568,0.9126,938954752,611418112,0.4057,417427456,125,552583,1,0.8723,18494616,633473,125,0,0,0,0,0,0,0,0,89890816,0,0,0,0,0,2097152,0,0,0,2022-05-05T04:51:32.839095+00:00
1028845568,0.9126,938954752,611119104,0.406,417726464,125,552583,1,0.8723,18491799,633473,125,0,0,0,0,0,0,0,0,89890816,0,0,0,0,0,2097152,0,0,0,2022-05-05T04:44:48.339344+00:00
1028845568,0.9126,938954752,611135488,0.406,417710080,125,552583,1,0.8723,18491909,633473,125,0,0,0,0,0,0,0,0,89890816,0,0,0,0,0,2097152,0,0,0,2022-05-05T04:45:02.853610+00:00
1028845568,0.9126,938921984,611422208,0.4057,417423360,125,552583,1,0.8723,18494135,633473,125,0,0,0,0,0,0,0,0,89923584,0,0,0,0,0,2097152,0,0,0,2022-05-05T04:50:18.317216+00:00
1028845568,0.9126,938954752,611401728,0.4057,417443840,125,552583,1,0.8723,18494240,633473,125,0,0,0,0,0,0,0,0,89890816,0,0,0,0,0,2097152,0,0,0,2022-05-05T04:50:32.837380+00:00
1028845568,0.9141,940511232,611348480,0.4058,417497088,125,552583,1,0.8723,18521824,633473,125,0,0,0,0,0,0,0,0,88334336,0,0,0,0,0,2097152,0,0,0,2022-05-05T05:40:02.770547+00:00
1028845568,0.9141,940511232,611356672,0.4058,417488896,125,552583,1,0.8723,18521892,633473,125,0,0,0,0,0,0,0,0,88334336,0,0,0,0,0,2097152,0,0,0,2022-05-05T05:40:18.246283+00:00
1028845568,0.9141,940511232,611373056,0.4058,417472512,125,552583,1,0.8723,18522532,633473,125,0,0,0,0,0,0,0,0,88334336,0,0,0,0,0,2097152,0,0,0,2022-05-05T05:42:02.781499+00:00
1028845568,0.9141,940478464,611405824,0.4057,417439744,125,552583,1,0.8723,18522601,633473,125,0,0,0,0,0,0,0,0,88367104,0,0,0,0,0,2097152,0,0,0,2022-05-05T05:42:18.237910+00:00
1028845568,0.9141,940478464,611360768,0.4058,417484800,125,552583,1,0.8723,18521475,633473,125,0,0,0,0,0,0,0,0,88367104,0,0,0,0,0,2097152,0,0,0,2022-05-05T05:39:02.751181+00:00
1028845568,0.9141,940511232,611328000,0.4058,417517568,125,552583,1,0.8723,18521537,633473,125,0,0,0,0,0,0,0,0,88334336,0,0,0,0,0,2097152,0,0,0,2022-05-05T05:39:18.258166+00:00
1028845568,0.9141,940511232,611328000,0.4058,417517568,125,552583,1,0.8723,18521649,633473,125,0,0,0,0,0,0,0,0,88334336,0,0,0,0,0,2097152,0,0,0,2022-05-05T05:39:32.746875+00:00
1028845568,0.9141,940511232,611348480,0.4058,417497088,125,552583,1,0.8723,18521714,633473,125,0,0,0,0,0,0,0,0,88334336,0,0,0,0,0,2097152,0,0,0,2022-05-05T05:39:48.246927+00:00
1028845568,0.9141,940511232,611368960,0.4058,417476608,125,552583,1,0.8723,18522354,633473,125,0,0,0,0,0,0,0,0,88334336,0,0,0,0,0,2097152,0,0,0,2022-05-05T05:41:32.775957+00:00
1028845568,0.9141,940511232,611368960,0.4058,417476608,125,552583,1,0.8723,18522423,633473,125,0,0,0,0,0,0,0,0,88334336,0,0,0,0,0,2097152,0,0,0,2022-05-05T05:41:48.243267+00:00
1028845568,0.9141,940494848,611332096,0.4058,417513472,125,552583,1,0.8723,18517061,633473,125,0,0,0,0,0,0,0,0,88350720,0,0,0,0,0,2097152,0,0,0,2022-05-05T05:38:32.767861+00:00
1028845568,0.9141,940462080,611364864,0.4058,417480704,125,552583,1,0.8723,18517131,633473,125,0,0,0,0,0,0,0,0,88383488,0,0,0,0,0,2097152,0,0,0,2022-05-05T05:38:48.246123+00:00
1028845568,0.9141,940478464,611414016,0.4057,417431552,125,552583,1,0.8723,18522714,633473,125,0,0,0,0,0,0,0,0,88367104,0,0,0,0,0,2097152,0,0,0,2022-05-05T05:42:32.758705+00:00
1028845568,0.9141,940511232,611385344,0.4058,417460224,125,552583,1,0.8723,18522774,633473,125,0,0,0,0,0,0,0,0,88334336,0,0,0,0,0,2097152,0,0,0,2022-05-05T05:42:48.238351+00:00
1028845568,0.9141,940511232,611360768,0.4058,417484800,125,552583,1,0.8723,18522175,633473,125,0,0,0,0,0,0,0,0,88334336,0,0,0,0,0,2097152,0,0,0,2022-05-05T05:41:02.763024+00:00
1028845568,0.9141,940511232,611364864,0.4058,417480704,125,552583,1,0.8723,18522244,633473,125,0,0,0,0,0,0,0,0,88334336,0,0,0,0,0,2097152,0,0,0,2022-05-05T05:41:18.243662+00:00
1028845568,0.9141,940478464,611393536,0.4057,417452032,125,552583,1,0.8723,18522005,633473,125,0,0,0,0,0,0,0,0,88367104,0,0,0,0,0,2097152,0,0,0,2022-05-05T05:40:32.772106+00:00
1028845568,0.9141,940478464,611393536,0.4057,417452032,125,552583,1,0.8723,18522074,633473,125,0,0,0,0,0,0,0,0,88367104,0,0,0,0,0,2097152,0,0,0,2022-05-05T05:40:48.266382+00:00
1028845568,0.9154,941793280,611237888,0.4059,417607680,125,552583,1,0.8723,18536059,633473,125,0,0,0,0,0,0,0,0,87052288,0,0,0,0,0,2097152,0,0,0,2022-05-05T06:02:02.761384+00:00
1028845568,0.9154,941826048,611205120,0.4059,417640448,125,552583,1,0.8723,18536120,633473,125,0,0,0,0,0,0,0,0,87019520,0,0,0,0,0,2097152,0,0,0,2022-05-05T06:02:18.210789+00:00
1028845568,0.9154,941826048,611205120,0.4059,417640448,125,552583,1,0.8723,18535881,633473,125,0,0,0,0,0,0,0,0,87019520,0,0,0,0,0,2097152,0,0,0,2022-05-05T06:01:32.732254+00:00
1028845568,0.9154,941793280,611237888,0.4059,417607680,125,552583,1,0.8723,18535950,633473,125,0,0,0,0,0,0,0,0,87052288,0,0,0,0,0,2097152,0,0,0,2022-05-05T06:01:48.208927+00:00
1028845568,0.9154,941826048,611229696,0.4059,417615872,125,552583,1,0.8723,18536411,633473,125,0,0,0,0,0,0,0,0,87019520,0,0,0,0,0,2097152,0,0,0,2022-05-05T06:03:02.714520+00:00
1028845568,0.9154,941826048,611233792,0.4059,417611776,125,552583,1,0.8723,18536481,633473,125,0,0,0,0,0,0,0,0,87019520,0,0,0,0,0,2097152,0,0,0,2022-05-05T06:03:18.209684+00:00
1028845568,0.9154,941793280,611295232,0.4058,417550336,125,552583,1,0.8723,18537125,633473,125,0,0,0,0,0,0,0,0,87052288,0,0,0,0,0,2097152,0,0,0,2022-05-05T06:05:02.746184+00:00
1028845568,0.9154,941793280,611299328,0.4058,417546240,125,552583,1,0.8723,18537193,633473,125,0,0,0,0,0,0,0,0,87052288,0,0,0,0,0,2097152,0,0,0,2022-05-05T06:05:18.214305+00:00
1028845568,0.9154,941826048,611241984,0.4059,417603584,125,552583,1,0.8723,18536765,633473,125,0,0,0,0,0,0,0,0,87019520,0,0,0,0,0,2097152,0,0,0,2022-05-05T06:04:02.766945+00:00
1028845568,0.9154,941826048,611241984,0.4059,417603584,125,552583,1,0.8723,18536835,633473,125,0,0,0,0,0,0,0,0,87019520,0,0,0,0,0,2097152,0,0,0,2022-05-05T06:04:18.205977+00:00
1028845568,0.9154,941826048,611217408,0.4059,417628160,125,552583,1,0.8723,18536233,633473,125,0,0,0,0,0,0,0,0,87019520,0,0,0,0,0,2097152,0,0,0,2022-05-05T06:02:32.746733+00:00
1028845568,0.9154,941826048,611217408,0.4059,417628160,125,552583,1,0.8723,18536302,633473,125,0,0,0,0,0,0,0,0,87019520,0,0,0,0,0,2097152,0,0,0,2022-05-05T06:02:48.226564+00:00
1028845568,0.9154,941826048,611246080,0.4059,417599488,125,552583,1,0.8723,18536950,633473,125,0,0,0,0,0,0,0,0,87019520,0,0,0,0,0,2097152,0,0,0,2022-05-05T06:04:32.725735+00:00
1028845568,0.9154,941826048,611246080,0.4059,417599488,125,552583,1,0.8723,18537015,633473,125,0,0,0,0,0,0,0,0,87019520,0,0,0,0,0,2097152,0,0,0,2022-05-05T06:04:48.206038+00:00
1028845568,0.9154,941826048,611196928,0.4059,417648640,125,552583,1,0.8723,18535703,633473,125,0,0,0,0,0,0,0,0,87019520,0,0,0,0,0,2097152,0,0,0,2022-05-05T06:01:02.735679+00:00
1028845568,0.9154,941826048,611201024,0.4059,417644544,125,552583,1,0.8723,18535771,633473,125,0,0,0,0,0,0,0,0,87019520,0,0,0,0,0,2097152,0,0,0,2022-05-05T06:01:18.234598+00:00
1028845568,0.9154,941793280,611266560,0.4059,417579008,125,552583,1,0.8723,18536592,633473,125,0,0,0,0,0,0,0,0,87052288,0,0,0,0,0,2097152,0,0,0,2022-05-05T06:03:32.706617+00:00
1028845568,0.9154,941793280,611266560,0.4059,417579008,125,552583,1,0.8723,18536662,633473,125,0,0,0,0,0,0,0,0,87052288,0,0,0,0,0,2097152,0,0,0,2022-05-05T06:03:48.208202+00:00
1028845568,0.9155,941858816,611553280,0.4056,417292288,125,552583,1,0.8723,18548882,633473,125,0,0,0,0,0,0,0,0,86986752,0,0,0,0,0,2097152,0,0,0,2022-05-05T06:23:32.678467+00:00
1028845568,0.9155,941858816,611557376,0.4056,417288192,125,552583,1,0.8723,18548953,633473,125,0,0,0,0,0,0,0,0,86986752,0,0,0,0,0,2097152,0,0,0,2022-05-05T06:23:48.189032+00:00
1028845568,0.9155,941858816,611586048,0.4056,417259520,125,552583,1,0.8723,18549772,633473,125,0,0,0,0,0,0,0,0,86986752,0,0,0,0,0,2097152,0,0,0,2022-05-05T06:26:02.697467+00:00
1028845568,0.9154,941826048,611622912,0.4055,417222656,125,552583,1,0.8723,18549840,633473,125,0,0,0,0,0,0,0,0,87019520,0,0,0,0,0,2097152,0,0,0,2022-05-05T06:26:18.176944+00:00
1028845568,0.9154,941826048,611573760,0.4056,417271808,125,552583,1,0.8723,18548708,633473,125,0,0,0,0,0,0,0,0,87019520,0,0,0,0,0,2097152,0,0,0,2022-05-05T06:23:02.707670+00:00
1028845568,0.9155,941858816,611545088,0.4056,417300480,125,552583,1,0.8723,18548771,633473,125,0,0,0,0,0,0,0,0,86986752,0,0,0,0,0,2097152,0,0,0,2022-05-05T06:23:18.179597+00:00
1028845568,0.9155,941858816,611557376,0.4056,417288192,125,552583,1,0.8723,18549063,633473,125,0,0,0,0,0,0,0,0,86986752,0,0,0,0,0,2097152,0,0,0,2022-05-05T06:24:02.699357+00:00
1028845568,0.9155,941858816,611557376,0.4056,417288192,125,552583,1,0.8723,18549134,633473,125,0,0,0,0,0,0,0,0,86986752,0,0,0,0,0,2097152,0,0,0,2022-05-05T06:24:18.177953+00:00
1028845568,0.9154,941826048,611614720,0.4055,417230848,125,552583,1,0.8723,18549423,633473,125,0,0,0,0,0,0,0,0,87019520,0,0,0,0,0,2097152,0,0,0,2022-05-05T06:25:02.697460+00:00
1028845568,0.9155,941858816,611581952,0.4056,417263616,125,552583,1,0.8723,18549483,633473,125,0,0,0,0,0,0,0,0,86986752,0,0,0,0,0,2097152,0,0,0,2022-05-05T06:25:18.174591+00:00
1028845568,0.9155,941858816,611602432,0.4055,417243136,125,552583,1,0.8723,18550123,633473,125,0,0,0,0,0,0,0,0,86986752,0,0,0,0,0,2097152,0,0,0,2022-05-05T06:27:02.695588+00:00
1028845568,0.9155,941858816,611610624,0.4055,417234944,125,552583,1,0.8723,18550192,633473,125,0,0,0,0,0,0,0,0,86986752,0,0,0,0,0,2097152,0,0,0,2022-05-05T06:27:18.183821+00:00
1028845568,0.9154,941826048,611627008,0.4055,417218560,125,552583,1,0.8723,18549954,633473,125,0,0,0,0,0,0,0,0,87019520,0,0,0,0,0,2097152,0,0,0,2022-05-05T06:26:32.694035+00:00
1028845568,0.9154,941826048,611635200,0.4055,417210368,125,552583,1,0.8723,18550022,633473,125,0,0,0,0,0,0,0,0,87019520,0,0,0,0,0,2097152,0,0,0,2022-05-05T06:26:48.173976+00:00
1028845568,0.9154,941826048,611594240,0.4056,417251328,125,552583,1,0.8723,18549248,633473,125,0,0,0,0,0,0,0,0,87019520,0,0,0,0,0,2097152,0,0,0,2022-05-05T06:24:32.717114+00:00
1028845568,0.9154,941826048,611594240,0.4056,417251328,125,552583,1,0.8723,18549313,633473,125,0,0,0,0,0,0,0,0,87019520,0,0,0,0,0,2097152,0,0,0,2022-05-05T06:24:48.180608+00:00
1028845568,0.9155,941858816,611586048,0.4056,417259520,125,552583,1,0.8723,18549594,633473,125,0,0,0,0,0,0,0,0,86986752,0,0,0,0,0,2097152,0,0,0,2022-05-05T06:25:32.674904+00:00
1028845568,0.9155,941858816,611586048,0.4056,417259520,125,552583,1,0.8723,18549662,633473,125,0,0,0,0,0,0,0,0,86986752,0,0,0,0,0,2097152,0,0,0,2022-05-05T06:25:48.178373+00:00
1028845568,0.9162,942649344,611098624,0.406,417746944,125,552583,1,0.8723,18561680,633473,125,0,0,0,0,0,0,0,0,86196224,0,0,0,0,0,2097152,0,0,0,2022-05-05T06:44:32.678338+00:00
1028845568,0.9162,942649344,611094528,0.406,417751040,125,552583,1,0.8723,18561746,633473,125,0,0,0,0,0,0,0,0,86196224,0,0,0,0,0,2097152,0,0,0,2022-05-05T06:44:48.142135+00:00
1028845568,0.916,942399488,611332096,0.4058,417513472,125,552583,1,0.8723,18560995,633473,125,0,0,0,0,0,0,0,0,86446080,0,0,0,0,0,2097152,0,0,0,2022-05-05T06:43:32.671415+00:00
1028845568,0.916,942399488,611332096,0.4058,417513472,125,552583,1,0.8723,18561066,633473,125,0,0,0,0,0,0,0,0,86446080,0,0,0,0,0,2097152,0,0,0,2022-05-05T06:43:48.150534+00:00
1028845568,0.9162,942616576,611115008,0.406,417730560,125,552583,1,0.8723,18561503,633473,125,0,0,0,0,0,0,0,0,86228992,0,0,0,0,0,2097152,0,0,0,2022-05-05T06:44:02.663591+00:00
1028845568,0.9162,942616576,611115008,0.406,417730560,125,552583,1,0.8723,18561574,633473,125,0,0,0,0,0,0,0,0,86228992,0,0,0,0,0,2097152,0,0,0,2022-05-05T06:44:18.143651+00:00
1028845568,0.9162,942649344,611143680,0.406,417701888,125,552583,1,0.8723,18563061,633473,125,0,0,0,0,0,0,0,0,86196224,0,0,0,0,0,2097152,0,0,0,2022-05-05T06:47:32.666543+00:00
1028845568,0.9162,942616576,611184640,0.406,417660928,125,552583,1,0.8723,18563129,633473,125,0,0,0,0,0,0,0,0,86228992,0,0,0,0,0,2097152,0,0,0,2022-05-05T06:47:48.150584+00:00
1028845568,0.9162,942649344,611115008,0.406,417730560,125,552583,1,0.8723,18561855,633473,125,0,0,0,0,0,0,0,0,86196224,0,0,0,0,0,2097152,0,0,0,2022-05-05T06:45:02.643484+00:00
1028845568,0.9162,942649344,611115008,0.406,417730560,125,552583,1,0.8723,18561924,633473,125,0,0,0,0,0,0,0,0,86196224,0,0,0,0,0,2097152,0,0,0,2022-05-05T06:45:18.169623+00:00
1028845568,0.9162,942649344,611119104,0.406,417726464,125,552583,1,0.8723,18562034,633473,125,0,0,0,0,0,0,0,0,86196224,0,0,0,0,0,2097152,0,0,0,2022-05-05T06:45:32.662369+00:00
1028845568,0.9162,942616576,611151872,0.406,417693696,125,552583,1,0.8723,18562102,633473,125,0,0,0,0,0,0,0,0,86228992,0,0,0,0,0,2097152,0,0,0,2022-05-05T06:45:48.141336+00:00
1028845568,0.9162,942649344,611127296,0.406,417718272,125,552583,1,0.8723,18562704,633473,125,0,0,0,0,0,0,0,0,86196224,0,0,0,0,0,2097152,0,0,0,2022-05-05T06:46:32.694657+00:00
1028845568,0.9162,942649344,611131392,0.406,417714176,125,552583,1,0.8723,18562772,633473,125,0,0,0,0,0,0,0,0,86196224,0,0,0,0,0,2097152,0,0,0,2022-05-05T06:46:48.139179+00:00
1028845568,0.9162,942649344,611131392,0.406,417714176,125,552583,1,0.8723,18562882,633473,125,0,0,0,0,0,0,0,0,86196224,0,0,0,0,0,2097152,0,0,0,2022-05-05T06:47:02.672266+00:00
1028845568,0.9162,942649344,611135488,0.406,417710080,125,552583,1,0.8723,18562950,633473,125,0,0,0,0,0,0,0,0,86196224,0,0,0,0,0,2097152,0,0,0,2022-05-05T06:47:18.142901+00:00
1028845568,0.9162,942616576,611151872,0.406,417693696,125,552583,1,0.8723,18562212,633473,125,0,0,0,0,0,0,0,0,86228992,0,0,0,0,0,2097152,0,0,0,2022-05-05T06:46:02.680491+00:00
1028845568,0.9162,942649344,611119104,0.406,417726464,125,552583,1,0.8723,18562272,633473,125,0,0,0,0,0,0,0,0,86196224,0,0,0,0,0,2097152,0,0,0,2022-05-05T06:46:18.142986+00:00
1028845568,0.9167,943165440,611184640,0.406,417660928,125,552583,1,0.8723,18580368,633473,125,0,0,0,0,0,0,0,0,85680128,0,0,0,0,0,2097152,0,0,0,2022-05-05T07:20:18.088978+00:00
1028845568,0.9167,943165440,611184640,0.406,417660928,125,552583,1,0.8723,18580482,633473,125,0,0,0,0,0,0,0,0,85680128,0,0,0,0,0,2097152,0,0,0,2022-05-05T07:20:32.612927+00:00
1028845568,0.9167,943165440,611164160,0.406,417681408,125,552583,1,0.8723,18580021,633473,125,0,0,0,0,0,0,0,0,85680128,0,0,0,0,0,2097152,0,0,0,2022-05-05T07:19:18.098040+00:00
1028845568,0.9167,943132672,611196928,0.4059,417648640,125,552583,1,0.8723,18580133,633473,125,0,0,0,0,0,0,0,0,85712896,0,0,0,0,0,2097152,0,0,0,2022-05-05T07:19:32.630671+00:00
1028845568,0.9167,943132672,611233792,0.4059,417611776,125,552583,1,0.8723,18580907,633473,125,0,0,0,0,0,0,0,0,85712896,0,0,0,0,0,2097152,0,0,0,2022-05-05T07:21:48.092402+00:00
1028845568,0.9167,943165440,611201024,0.4059,417644544,125,552583,1,0.8723,18581008,633473,125,0,0,0,0,0,0,0,0,85680128,0,0,0,0,0,2097152,0,0,0,2022-05-05T07:22:02.610476+00:00
1028845568,0.9167,943132672,611196928,0.4059,417648640,125,552583,1,0.8723,18580198,633473,125,0,0,0,0,0,0,0,0,85712896,0,0,0,0,0,2097152,0,0,0,2022-05-05T07:19:48.092735+00:00
1028845568,0.9167,943165440,611180544,0.406,417665024,125,552583,1,0.8723,18580300,633473,125,0,0,0,0,0,0,0,0,85680128,0,0,0,0,0,2097152,0,0,0,2022-05-05T07:20:02.626681+00:00
1028845568,0.9167,943165440,611205120,0.4059,417640448,125,552583,1,0.8723,18581077,633473,125,0,0,0,0,0,0,0,0,85680128,0,0,0,0,0,2097152,0,0,0,2022-05-05T07:22:18.103592+00:00
1028845568,0.9167,943165440,611217408,0.4059,417628160,125,552583,1,0.8723,18581190,633473,125,0,0,0,0,0,0,0,0,85680128,0,0,0,0,0,2097152,0,0,0,2022-05-05T07:22:32.609893+00:00
1028845568,0.9167,943165440,611188736,0.4059,417656832,125,552583,1,0.8723,18580550,633473,125,0,0,0,0,0,0,0,0,85680128,0,0,0,0,0,2097152,0,0,0,2022-05-05T07:20:48.113506+00:00
1028845568,0.9167,943165440,611192832,0.4059,417652736,125,552583,1,0.8723,18580660,633473,125,0,0,0,0,0,0,0,0,85680128,0,0,0,0,0,2097152,0,0,0,2022-05-05T07:21:02.605965+00:00
1028845568,0.9169,943390720,610992128,0.4061,417853440,125,552583,1,0.8723,18581448,633473,125,0,0,0,0,0,0,0,0,85454848,0,0,0,0,0,2097152,0,0,0,2022-05-05T07:23:18.086729+00:00
1028845568,0.9167,943149056,611237888,0.4059,417607680,125,552583,1,0.8723,18581866,633473,125,0,0,0,0,0,0,0,0,85696512,0,0,0,0,0,2097152,0,0,0,2022-05-05T07:23:32.613499+00:00
1028845568,0.9167,943165440,611217408,0.4059,417628160,125,552583,1,0.8723,18581259,633473,125,0,0,0,0,0,0,0,0,85680128,0,0,0,0,0,2097152,0,0,0,2022-05-05T07:22:48.085859+00:00
1028845568,0.9167,943165440,611229696,0.4059,417615872,125,552583,1,0.8723,18581368,633473,125,0,0,0,0,0,0,0,0,85680128,0,0,0,0,0,2097152,0,0,0,2022-05-05T07:23:02.580817+00:00
1028845568,0.9167,943165440,611192832,0.4059,417652736,125,552583,1,0.8723,18580728,633473,125,0,0,0,0,0,0,0,0,85680128,0,0,0,0,0,2097152,0,0,0,2022-05-05T07:21:18.089807+00:00
1028845568,0.9167,943132672,611229696,0.4059,417615872,125,552583,1,0.8723,18580838,633473,125,0,0,0,0,0,0,0,0,85712896,0,0,0,0,0,2097152,0,0,0,2022-05-05T07:21:32.622709+00:00
1028845568,0.9175,943955968,610951168,0.4062,417894400,125,552583,1,0.8723,18597435,633473,125,0,0,0,0,0,0,0,0,84889600,0,0,0,0,0,2097152,0,0,0,2022-05-05T07:52:18.050279+00:00
1028845568,0.917,943439872,611467264,0.4057,417378304,125,552583,1,0.8723,18597701,633473,125,0,0,0,0,0,0,0,0,85405696,0,0,0,0,0,2097152,0,0,0,2022-05-05T07:52:32.568822+00:00
1028845568,0.9175,943955968,610942976,0.4062,417902592,125,552583,1,0.8723,18596904,633473,125,0,0,0,0,0,0,0,0,84889600,0,0,0,0,0,2097152,0,0,0,2022-05-05T07:50:48.046180+00:00
1028845568,0.9175,943988736,610910208,0.4062,417935360,125,552583,1,0.8723,18597013,633473,125,0,0,0,0,0,0,0,0,84856832,0,0,0,0,0,2097152,0,0,0,2022-05-05T07:51:02.584178+00:00
1028845568,0.9175,943923200,610975744,0.4062,417869824,125,552583,1,0.8723,18597086,633473,125,0,0,0,0,0,0,0,0,84922368,0,0,0,0,0,2097152,0,0,0,2022-05-05T07:51:18.041783+00:00
1028845568,0.9175,943923200,610979840,0.4062,417865728,125,552583,1,0.8723,18597196,633473,125,0,0,0,0,0,0,0,0,84922368,0,0,0,0,0,2097152,0,0,0,2022-05-05T07:51:32.563355+00:00
1028845568,0.9175,943955968,610947072,0.4062,417898496,125,552583,1,0.8723,18597257,633473,125,0,0,0,0,0,0,0,0,84889600,0,0,0,0,0,2097152,0,0,0,2022-05-05T07:51:48.054614+00:00
1028845568,0.9175,943955968,610951168,0.4062,417894400,125,552583,1,0.8723,18597366,633473,125,0,0,0,0,0,0,0,0,84889600,0,0,0,0,0,2097152,0,0,0,2022-05-05T07:52:02.560837+00:00
1028845568,0.9175,943955968,610934784,0.4062,417910784,125,552583,1,0.8723,18596722,633473,125,0,0,0,0,0,0,0,0,84889600,0,0,0,0,0,2097152,0,0,0,2022-05-05T07:50:18.056270+00:00
1028845568,0.9175,943955968,610942976,0.4062,417902592,125,552583,1,0.8723,18596836,633473,125,0,0,0,0,0,0,0,0,84889600,0,0,0,0,0,2097152,0,0,0,2022-05-05T07:50:32.565921+00:00
1028845568,0.917,943439872,611487744,0.4057,417357824,125,552583,1,0.8723,18598124,633473,125,0,0,0,0,0,0,0,0,85405696,0,0,0,0,0,2097152,0,0,0,2022-05-05T07:53:48.059601+00:00
1028845568,0.917,943439872,611487744,0.4057,417357824,125,552583,1,0.8723,18598235,633473,125,0,0,0,0,0,0,0,0,85405696,0,0,0,0,0,2097152,0,0,0,2022-05-05T07:54:02.555322+00:00
